ID,Gender ,Age, Maritalstatus, Academic_degree ,Years_Experience,Years_experience_lastorganization,Sector,Department,JobTitle,MonthlySalary,Allowances,MedicalInsurance,Bonus,OverTime,Payment_Overtime,Rewards&Wages_Satisfaction,Get_ Deserved_Promotion,Training_programs_ During_last_three_years,Useful_Training_Programs,Business_Travel,Job_Support,Recognition,Emotional_Commitment,Job_Engagement,Distance_to_work,Work_Live_Balance,Physical_Stress,Psychological_Exhaustion,Job_Stability,Health_Issues,Environment_Satisfaction,Job_Satisfaction,Job_Opportunities,Attrition
11,1,1,1,1,0,1,11,5,1,1,2,0,0,0,0,1,1,2,0,0,2,1,1,2,1,0,2,0,0,1,2,0,1,1
12,1,0,2,1,7,1,11,5,1,3,2,1,1,0,0,1,1,2,0,2,2,0,1,2,1,0,0,0,1,0,2,1,0,0
13,1,0,2,0,7,1,3,21,70,5,0,0,0,0,0,0,0,2,0,0,2,0,2,2,0,0,2,1,0,0,2,1,1,0
14,1,0,2,0,7,1,3,21,70,5,0,0,0,0,0,0,0,0,1,0,1,1,2,2,1,0,2,2,0,0,1,0,0,0
15,1,0,2,0,7,1,3,21,70,5,0,0,0,1,1,0,0,0,1,0,1,0,1,2,1,0,1,1,0,0,2,0,0,0
16,1,0,2,0,7,1,3,21,70,5,0,0,0,0,0,0,0,1,0,0,1,1,1,2,0,0,2,2,0,0,1,0,1,0
17,1,1,1,0,0,1,3,21,70,5,0,0,0,1,1,0,0,2,0,0,2,0,1,2,0,1,2,2,0,0,2,1,0,1
18,1,1,1,0,6,4,3,21,70,3,0,0,0,0,0,1,1,3,0,0,2,0,0,2,1,0,1,1,1,0,2,2,1,0
20,1,1,1,1,9,1,3,21,70,5,0,0,1,0,0,0,0,2,0,0,1,0,0,2,1,1,2,2,0,0,2,1,0,1
21,1,0,1,0,0,1,1,2,59,5,1,1,1,1,2,1,1,2,0,1,0,0,0,0,2,1,2,2,1,1,0,2,1,1
22,1,1,2,3,7,1,13,10,34,1,1,0,1,1,2,1,1,2,0,0,0,0,0,1,0,2,1,1,1,0,0,2,0,0
23,1,1,1,0,9,4,3,0,3,5,0,0,0,0,0,1,0,2,0,0,0,0,1,2,0,2,0,0,1,0,0,2,1,1
24,1,2,1,0,1,5,3,0,34,1,0,0,0,0,0,0,0,1,0,0,1,0,1,2,0,1,0,1,1,0,2,0,0,0
25,1,1,1,0,1,5,3,21,70,3,1,0,0,0,0,1,0,1,0,0,2,0,0,2,1,0,2,2,1,0,2,1,0,0
26,1,2,1,0,2,6,3,21,70,3,1,0,0,0,0,1,1,1,0,0,2,0,1,2,0,0,1,0,1,0,2,1,0,0
27,1,2,1,0,3,2,3,21,70,1,1,0,0,0,1,1,1,3,0,0,0,0,0,1,0,2,1,1,1,0,0,2,0,0
28,1,2,3,0,1,5,3,21,70,3,0,0,0,0,1,1,1,3,0,0,2,0,1,2,0,0,1,1,1,0,2,2,0,0
29,1,1,1,0,6,4,3,21,70,1,1,0,0,0,1,0,0,1,1,0,1,1,2,1,1,0,0,0,0,0,1,0,0,0
30,1,1,1,0,6,4,3,21,70,3,1,0,0,0,0,1,1,2,1,0,1,1,1,1,2,0,2,2,1,0,1,1,1,0
31,1,1,1,0,1,5,3,21,70,3,1,0,0,0,0,1,1,3,0,0,1,0,1,2,0,2,0,0,1,0,2,2,0,0
32,1,2,1,0,2,6,3,21,70,3,0,0,0,0,0,1,0,1,0,0,2,0,1,2,0,0,1,1,1,0,2,1,0,0
33,1,2,1,0,6,4,3,0,34,1,0,0,0,0,0,1,1,1,0,0,2,0,1,2,0,0,1,0,1,0,2,1,0,0
34,1,2,1,0,3,2,3,21,70,1,0,0,0,0,0,1,1,3,0,0,2,0,0,1,0,2,2,2,1,1,0,2,0,0
35,1,2,2,0,1,5,3,21,70,3,0,0,0,0,0,1,0,1,0,2,2,0,1,2,0,2,1,1,1,0,2,1,0,0
36,1,2,1,0,2,6,3,21,70,3,1,0,0,0,0,1,0,3,0,0,1,0,0,2,1,0,1,1,1,0,0,2,0,0
37,1,1,1,3,1,5,3,6,34,1,0,0,0,0,0,1,0,0,0,0,2,0,1,1,0,2,1,1,1,0,2,1,0,0
38,1,2,1,0,1,5,3,21,70,3,1,0,0,0,0,1,1,3,0,0,2,0,0,1,0,0,1,1,1,0,2,2,0,0
39,1,3,1,3,5,0,3,21,70,1,0,0,0,0,0,1,1,3,0,0,0,0,0,1,0,2,0,1,1,0,0,2,1,0
40,1,2,1,0,2,6,3,21,70,1,0,0,0,0,0,0,0,3,1,0,1,0,0,1,1,0,2,2,1,1,1,1,0,0
41,0,1,1,3,1,5,6,0,3,1,0,1,0,0,0,1,1,0,1,2,2,0,0,1,0,0,0,0,1,0,0,2,0,0
42,1,2,1,0,2,5,3,21,70,3,1,0,0,0,0,1,0,2,0,0,1,0,1,2,1,0,2,0,1,1,2,1,0,1
43,1,1,1,0,2,6,3,21,70,3,1,0,0,0,0,1,1,3,0,2,2,1,1,2,1,0,2,2,1,0,2,2,0,0
44,1,2,1,0,3,2,3,21,70,1,0,0,0,0,0,1,0,3,0,0,2,0,0,1,1,0,2,2,1,0,0,2,0,0
45,1,0,2,1,7,1,6,1,49,5,0,0,0,0,0,0,0,2,1,0,2,0,1,2,1,0,1,0,0,0,2,1,0,0
46,0,1,1,0,0,1,6,7,6,1,2,0,1,0,0,1,0,2,0,0,2,0,1,0,0,2,1,0,0,0,2,0,1,1
47,1,0,1,1,9,1,3,0,0,5,1,0,0,1,1,0,0,2,1,0,1,1,0,0,2,1,2,2,0,0,2,0,1,1
48,1,0,2,1,7,1,6,0,3,5,0,0,0,0,0,0,0,2,0,0,2,1,1,2,1,0,2,1,1,0,2,1,0,0
50,1,1,1,0,7,1,1,8,13,5,0,0,0,0,0,0,0,0,1,0,2,0,1,2,1,0,1,1,0,0,1,0,1,0
51,1,1,1,0,1,5,3,21,33,3,1,0,0,0,0,1,1,3,0,0,1,1,0,2,1,0,1,1,0,0,2,1,0,0
52,1,1,1,0,1,5,3,21,70,3,0,0,0,0,0,1,1,1,0,0,1,1,1,0,0,0,2,2,0,0,2,1,0,0
53,1,0,1,0,0,1,6,7,6,1,2,1,1,1,0,1,1,2,0,0,2,0,1,2,1,1,2,2,0,0,1,1,1,1
54,1,0,1,4,6,4,3,21,33,1,0,1,0,0,1,0,1,2,0,2,0,0,0,2,2,0,1,1,1,0,2,1,0,0
55,1,0,1,0,6,4,3,21,70,1,1,1,0,1,1,1,1,2,0,1,2,0,0,2,2,0,2,0,1,0,0,2,0,0
56,0,1,1,3,6,4,6,5,64,5,0,0,1,1,0,0,0,2,0,0,2,0,1,2,0,0,0,2,1,0,0,1,1,0
57,1,0,2,0,7,1,6,7,6,1,2,1,1,0,0,0,0,2,0,0,1,1,1,0,0,1,2,2,0,0,1,1,0,0
58,1,1,3,0,7,1,6,7,6,1,2,1,1,1,0,0,0,3,0,0,2,1,0,0,2,0,1,2,0,0,2,0,1,0
59,1,0,1,0,9,1,3,3,61,1,2,1,0,0,1,0,0,2,0,0,2,1,1,2,1,0,0,2,0,1,2,0,1,1
60,1,0,2,0,6,4,6,8,13,1,1,1,1,0,0,0,0,0,1,2,2,1,1,1,0,1,2,2,0,0,1,1,0,0
61,1,0,1,0,7,1,6,7,6,1,2,1,1,0,0,1,0,2,0,0,2,1,1,2,2,0,2,2,0,0,1,0,0,0
62,1,1,1,0,7,1,6,7,6,1,2,1,1,0,0,0,0,2,0,2,2,1,0,2,0,0,2,2,0,0,1,1,0,0
63,0,1,1,0,2,6,6,0,3,3,1,1,1,0,2,0,0,3,0,2,0,0,0,1,0,2,0,2,1,0,0,1,1,0
64,0,0,1,1,9,1,6,3,62,5,0,1,1,1,1,0,0,1,0,1,1,1,1,0,1,1,2,2,0,0,2,0,0,1
65,0,1,1,0,9,1,6,7,6,1,2,1,0,1,0,0,0,2,1,0,1,1,2,0,2,0,2,1,0,0,1,0,1,1
66,1,0,2,0,7,1,6,7,6,1,2,1,1,0,0,1,0,1,0,0,2,0,2,2,1,0,1,2,0,0,2,1,0,0
67,0,1,2,0,7,1,6,7,6,1,2,1,0,0,0,0,0,2,1,0,1,1,2,0,1,1,2,2,0,0,1,0,0,0
68,0,2,1,0,7,1,6,7,6,1,2,1,1,0,0,0,0,2,0,2,0,1,0,1,0,2,0,2,1,0,0,2,0,0
69,1,0,1,0,9,4,6,3,61,1,1,1,0,0,1,0,0,2,1,0,1,1,0,0,0,1,2,2,0,0,2,0,0,1
70,0,2,1,0,2,6,6,8,13,1,2,1,1,0,0,0,0,3,0,0,0,1,0,1,1,0,2,2,0,0,2,1,0,0
71,0,0,2,0,6,4,6,3,61,3,4,1,1,0,0,1,0,2,0,2,2,0,0,1,0,0,2,2,1,0,2,2,0,0
72,1,1,2,0,6,4,6,3,61,1,2,1,0,0,0,0,0,0,1,2,1,1,2,0,1,1,2,2,1,1,1,0,0,0
73,0,1,1,3,6,4,6,3,63,1,2,1,0,0,0,0,1,0,1,0,1,0,1,1,0,2,2,2,0,0,0,2,0,0
74,0,0,2,0,7,1,6,3,11,1,2,1,1,1,2,0,0,2,0,0,1,1,0,0,1,1,2,2,0,0,1,0,0,0
75,0,1,1,3,8,1,6,8,13,1,2,1,0,0,1,0,0,2,0,2,2,0,2,0,0,1,2,2,0,0,0,2,0,1
76,0,1,1,0,8,1,13,19,66,5,0,0,1,0,0,0,0,0,1,0,1,1,0,0,1,0,2,2,0,0,1,0,0,1
77,1,0,2,0,7,1,6,3,63,1,1,1,1,0,0,0,0,1,0,1,1,1,1,2,1,1,2,2,0,1,1,0,1,0
78,0,1,1,3,8,4,6,3,11,1,3,1,0,0,0,0,0,2,1,0,0,0,2,2,0,0,2,2,0,0,0,0,0,1
79,0,0,1,3,9,4,6,5,2,1,1,1,1,1,2,0,1,1,0,0,2,1,1,2,0,0,0,1,0,0,2,1,1,1
80,0,1,1,3,9,1,11,4,29,1,2,1,1,0,0,0,0,0,1,2,2,1,2,2,1,0,1,2,1,0,2,0,0,1
81,1,1,1,0,6,4,6,3,63,1,2,1,0,0,0,0,0,1,0,2,2,1,2,1,1,2,1,1,0,0,0,2,0,0
82,0,1,1,3,6,4,6,3,63,1,2,1,1,1,2,0,0,1,1,2,0,1,2,0,0,0,0,2,0,0,0,1,0,0
83,1,0,2,0,7,1,6,8,13,1,2,1,0,0,0,0,0,0,1,0,1,1,2,0,1,1,2,2,0,0,1,0,0,0
84,0,1,1,0,9,1,3,6,34,5,2,1,1,0,0,0,0,2,0,2,2,0,1,2,0,1,2,1,0,0,2,1,0,1
85,1,0,2,0,0,1,3,22,71,5,0,0,0,0,0,1,1,3,0,0,2,0,1,0,0,2,0,0,0,0,0,2,1,1
86,1,0,1,0,7,1,6,3,63,1,2,1,0,0,1,0,0,3,0,0,1,1,0,2,0,2,1,2,0,0,1,1,0,0
87,1,0,2,0,0,1,3,22,71,5,0,0,0,0,0,0,0,0,1,0,1,1,2,0,0,2,2,2,0,0,1,0,1,1
88,0,0,1,3,9,4,6,8,13,1,2,1,1,1,1,0,0,1,0,0,2,0,1,2,2,0,1,1,1,0,2,0,1,1
89,0,1,1,4,6,4,3,21,33,3,1,1,1,1,2,1,1,2,0,2,2,0,0,2,1,0,1,0,1,0,2,2,0,0
90,0,1,1,4,8,1,3,11,29,1,3,1,0,1,1,0,0,2,1,0,1,1,2,0,1,0,1,2,0,0,2,0,1,1
91,0,1,1,1,8,4,1,11,14,3,1,0,0,1,2,0,1,1,0,2,1,0,1,2,2,2,1,2,1,0,0,1,1,1
92,0,1,1,1,7,1,1,10,11,3,1,0,0,0,0,0,0,2,0,2,1,1,2,2,0,2,1,1,1,0,2,1,0,0
93,0,1,1,1,0,1,13,11,29,5,0,0,0,0,0,0,0,0,1,0,1,1,2,0,0,0,1,1,0,0,1,0,0,1
94,0,0,1,4,6,4,3,21,70,3,0,0,0,1,1,0,0,0,1,0,1,1,0,2,1,0,0,0,1,0,2,1,0,0
95,0,0,2,0,0,1,2,5,1,5,0,0,0,0,1,0,0,0,1,0,1,0,2,0,0,1,0,0,0,0,2,1,1,1
96,0,1,1,0,1,5,6,5,2,1,2,1,0,0,0,0,0,2,0,2,2,0,0,2,0,0,1,1,1,0,0,1,0,0
97,0,1,1,0,0,1,6,5,1,1,1,1,0,0,0,1,0,0,1,0,2,0,2,0,0,0,0,0,1,0,0,1,0,1
98,0,1,1,4,1,5,3,21,33,0,0,0,0,0,1,0,0,1,1,2,2,1,1,2,1,0,2,2,0,0,2,1,0,0
99,0,2,1,4,8,1,11,1,11,2,2,1,0,1,1,0,1,1,0,1,2,0,1,2,0,0,2,1,0,0,2,0,1,1
100,0,2,1,0,0,1,6,3,63,1,2,1,1,0,0,1,1,2,0,2,0,0,0,2,1,2,0,0,1,0,0,2,0,1
101,1,1,1,0,7,1,3,21,70,5,0,0,0,1,1,0,0,2,0,0,1,0,1,2,2,0,2,2,0,0,2,1,1,0
102,1,0,1,0,6,4,14,0,3,5,0,0,0,0,0,0,0,0,1,0,1,1,2,1,1,0,1,1,0,0,1,0,0,0
103,1,0,2,0,7,1,3,21,70,5,0,0,0,0,0,0,0,2,0,0,2,0,2,2,0,2,2,2,0,0,1,0,0,0
104,1,1,2,0,7,1,3,21,70,5,0,0,0,0,0,0,0,2,0,0,1,0,1,2,1,0,2,2,0,0,2,1,1,0
105,1,0,1,0,7,1,14,0,3,5,0,0,0,0,0,0,0,0,1,0,2,1,2,0,2,0,2,2,0,0,1,0,1,0
106,1,1,1,0,7,1,3,21,70,5,0,0,0,0,0,0,0,0,1,0,1,1,1,2,1,0,1,1,0,0,2,1,0,0
107,1,3,1,4,4,4,11,15,17,1,0,1,0,1,2,0,0,2,0,0,2,0,0,1,0,2,1,1,0,0,2,1,1,1
108,1,1,1,0,7,1,3,21,70,5,0,0,0,0,0,0,0,2,0,0,1,0,2,2,0,0,1,0,1,0,2,1,0,0
109,1,1,1,0,7,1,3,21,70,5,0,0,0,0,0,0,0,3,0,0,1,0,0,0,1,1,1,1,0,1,1,1,0,0
110,1,1,2,0,9,1,6,10,25,5,1,0,0,0,0,0,0,3,1,0,1,1,0,2,2,2,0,0,0,0,0,0,1,1
111,1,1,1,0,7,1,3,21,70,5,0,0,0,0,0,0,0,2,0,0,2,0,0,1,0,0,2,1,1,0,0,1,0,0
112,1,1,2,1,6,4,11,15,17,4,2,1,0,0,1,0,0,2,0,2,0,1,2,1,1,1,2,2,0,0,0,1,0,0
113,1,2,1,0,1,5,3,21,70,1,0,0,0,0,1,1,0,3,1,0,2,0,1,1,0,0,1,0,1,0,0,1,0,0
114,1,0,1,0,0,1,3,21,71,5,0,0,0,0,0,0,0,0,1,0,1,0,0,2,0,2,0,0,1,0,0,1,1,1
115,1,1,2,1,1,5,3,21,33,1,1,0,0,0,0,0,0,1,1,0,1,1,2,1,1,1,2,2,0,0,2,0,0,0
116,1,0,2,0,9,1,6,5,1,1,2,1,1,1,2,0,0,2,1,0,1,0,2,2,1,1,1,2,0,0,1,0,1,1
117,1,0,1,0,0,1,14,11,29,3,0,0,0,0,0,0,0,0,1,2,0,1,2,0,1,1,2,2,0,1,1,0,0,1
118,0,1,1,1,9,1,6,1,42,1,2,1,1,0,1,0,0,2,1,0,2,1,1,0,0,1,2,2,0,0,1,0,1,1
119,1,1,1,1,9,4,7,3,63,3,2,1,1,0,1,0,0,2,1,0,2,1,1,1,0,2,0,0,1,0,2,1,1,1
120,0,0,1,0,9,1,7,19,66,3,2,1,0,1,1,0,0,2,0,0,1,1,2,1,2,1,1,2,0,0,1,0,1,1
121,1,0,3,1,7,1,3,21,70,1,2,1,0,0,1,1,0,2,0,0,2,0,0,2,1,0,2,2,0,0,2,1,1,0
122,1,0,2,0,7,1,1,0,34,1,1,0,1,0,0,1,1,1,0,0,2,0,1,2,1,2,1,1,0,0,2,1,0,0
123,0,0,2,0,0,1,1,11,29,1,2,1,0,0,0,0,0,0,1,0,1,1,0,0,0,1,2,2,0,0,2,0,1,1
124,1,1,2,0,0,1,14,1,15,5,1,1,0,0,0,0,0,0,1,0,1,1,0,1,0,0,0,0,0,0,1,1,0,1
125,0,1,2,3,9,1,1,4,29,5,0,1,0,0,0,0,0,1,0,2,1,1,1,2,0,0,1,1,0,0,2,1,0,1
126,0,0,2,0,7,1,7,1,52,3,2,1,1,0,0,0,0,0,1,0,2,0,0,1,0,0,1,0,1,0,0,1,1,0
127,0,0,2,0,9,1,8,13,36,5,1,1,1,1,2,0,0,0,1,2,1,1,1,2,1,2,0,1,1,0,2,1,0,1
128,1,0,2,0,0,1,7,8,13,5,4,1,0,1,1,0,0,0,1,0,1,1,2,0,2,0,1,2,0,0,2,0,0,1
129,0,0,2,0,0,1,8,10,25,5,2,1,0,0,1,0,0,0,1,2,2,0,1,2,0,0,2,1,0,0,2,1,1,1
130,1,0,2,0,9,1,11,13,36,5,0,1,1,0,0,0,0,0,1,0,1,0,1,2,0,0,2,2,1,0,2,1,1,1
131,0,1,1,1,9,4,10,0,3,0,2,1,0,0,0,0,0,2,0,2,1,1,1,2,2,0,2,2,1,1,2,1,1,1
132,1,2,3,0,7,1,2,13,36,5,0,0,0,1,1,0,0,0,1,0,1,1,2,2,0,0,1,2,0,0,1,0,0,0
133,1,0,2,0,0,1,4,10,25,5,2,0,0,0,0,0,0,0,1,0,1,1,2,0,1,2,0,2,0,0,1,0,0,1
134,1,0,2,0,9,4,6,5,2,1,2,1,0,0,1,0,0,0,1,0,2,1,1,2,0,2,0,0,1,0,0,1,0,1
135,1,0,2,0,7,1,8,11,5,1,2,1,0,0,0,0,0,0,1,0,2,0,0,1,1,1,2,2,0,0,2,1,0,0
137,1,0,1,0,0,1,1,8,13,5,2,1,0,1,1,0,0,0,1,0,1,1,0,0,2,0,2,2,0,0,1,0,0,1
138,1,0,2,3,9,4,11,8,13,1,2,1,1,1,1,1,0,0,1,0,1,0,0,1,1,1,1,2,1,0,0,0,0,1
139,1,0,2,0,7,1,5,1,8,1,1,0,0,0,0,0,0,0,1,0,1,1,1,2,1,0,0,0,0,0,1,0,0,0
140,1,0,3,0,0,1,9,12,32,1,0,0,0,1,1,0,0,2,0,0,1,1,0,0,1,2,0,2,0,0,1,1,0,1
141,0,0,1,3,8,5,7,1,18,5,2,1,1,1,1,0,0,0,1,1,1,1,2,1,1,2,2,0,0,0,1,0,1,1
142,1,0,3,0,9,1,3,21,70,1,1,0,0,0,0,0,0,0,1,0,2,0,1,2,0,2,2,2,0,0,1,0,1,1
143,1,1,2,0,6,4,6,2,59,3,2,1,1,0,1,0,0,2,1,0,1,1,2,0,0,1,2,2,0,0,1,0,0,0
144,1,0,3,0,0,1,11,8,13,5,0,1,0,1,1,0,0,0,1,0,1,1,1,0,0,0,2,2,1,0,1,1,0,1
145,1,0,2,0,7,1,8,10,25,1,1,1,0,1,1,1,1,0,1,0,1,0,0,0,1,0,1,2,0,0,1,1,0,0
146,0,0,2,3,0,1,11,5,1,5,0,0,0,0,1,0,0,0,1,1,1,1,2,0,2,1,2,2,0,0,1,1,0,1
147,1,3,3,0,8,5,11,0,65,1,3,1,0,0,0,1,0,2,1,0,1,1,0,0,1,0,0,1,0,0,1,1,0,1
148,0,0,2,3,9,1,0,1,19,5,2,1,0,0,0,0,0,0,1,0,1,1,2,0,0,1,2,2,1,0,1,0,0,1
149,1,0,2,0,0,1,2,5,1,1,2,1,0,0,0,0,1,0,1,0,1,1,0,0,1,1,1,2,1,0,2,0,0,1
150,0,1,1,3,1,5,6,5,2,1,2,1,1,0,2,1,0,0,1,0,2,0,1,0,2,1,2,2,0,0,2,1,0,0
151,0,1,1,0,8,5,0,1,19,1,2,1,0,1,2,0,0,0,1,0,0,0,0,1,1,2,1,0,1,0,0,2,1,1
152,1,0,2,0,7,1,11,2,59,5,0,1,0,0,0,0,0,0,1,2,1,1,1,2,1,1,2,2,0,0,2,1,1,0
153,1,0,2,3,7,1,11,8,13,1,3,1,1,1,2,1,1,0,1,0,0,0,0,2,0,0,2,2,1,0,0,2,0,0
154,1,0,2,0,7,1,14,10,25,1,2,1,1,0,0,1,1,2,0,0,2,0,1,2,1,1,1,2,0,0,2,1,1,0
155,1,0,2,0,7,1,8,11,5,5,1,1,0,1,1,0,0,0,1,0,1,1,1,2,1,0,2,2,0,1,1,0,0,0
156,1,0,2,0,7,1,2,3,63,5,1,1,0,0,0,0,0,0,1,0,1,1,2,1,1,1,2,2,0,0,1,0,0,0
157,0,1,1,0,9,4,3,3,62,5,2,1,0,0,0,0,0,2,0,2,2,0,0,2,0,0,0,0,0,0,2,1,0,1
158,0,1,1,0,7,1,5,1,52,1,2,1,1,1,2,0,0,2,0,2,2,1,1,2,2,0,1,0,0,0,2,1,0,0
159,0,1,2,3,7,1,2,3,63,5,1,1,0,0,0,0,0,0,1,0,2,1,0,0,1,0,2,2,0,0,2,1,0,0
160,0,1,1,3,9,1,8,19,68,5,2,1,0,0,2,0,0,0,1,1,1,1,2,1,2,1,2,2,0,1,1,0,1,1
161,0,0,2,3,9,1,14,10,25,1,2,1,0,1,1,0,0,0,1,1,2,0,0,0,1,0,0,2,1,1,0,2,1,1
162,0,0,2,0,0,1,14,10,25,1,2,1,0,0,1,1,0,2,0,2,1,1,2,0,0,0,2,2,0,0,2,0,0,1
163,0,0,2,0,7,1,5,1,8,1,2,1,0,0,0,1,0,2,0,0,2,0,1,2,0,0,0,1,0,0,0,2,0,0
164,1,1,2,0,0,1,2,5,1,5,1,0,0,0,0,0,0,0,1,0,1,1,2,0,1,1,2,2,0,1,1,0,0,1
165,1,1,2,1,9,1,7,0,3,1,2,1,0,1,1,1,0,0,1,2,2,1,0,0,2,1,0,2,0,0,2,1,0,1
166,1,0,2,0,0,1,11,15,38,5,2,1,1,1,2,0,0,2,0,0,2,1,2,2,0,0,2,2,0,1,2,0,0,1
167,1,1,2,0,0,1,11,1,15,5,2,1,0,0,1,0,0,0,1,0,1,1,1,0,0,0,2,1,0,0,0,0,0,1
168,1,1,1,0,0,1,3,21,71,5,0,0,1,0,0,1,0,2,0,0,1,0,0,2,1,0,1,0,0,0,2,1,1,1
169,1,0,1,0,7,1,3,22,71,5,0,0,0,1,2,0,1,2,0,0,1,0,1,2,1,0,2,2,1,0,2,1,1,0
170,1,0,2,0,7,1,3,22,71,3,0,0,0,0,0,1,0,1,0,0,2,0,1,2,0,0,2,2,1,0,1,1,0,0
171,1,0,3,3,7,1,13,8,68,5,0,1,0,0,0,0,0,0,1,0,1,1,1,1,1,0,2,2,0,0,2,0,0,0
172,0,0,2,0,8,5,6,23,72,0,2,1,1,1,0,0,0,0,0,0,2,0,2,2,1,0,1,1,0,0,1,0,1,1
173,0,1,1,0,1,5,11,0,3,1,0,1,1,1,2,0,0,2,1,1,2,1,0,0,0,0,1,2,0,1,2,0,1,0
174,1,1,1,0,0,1,11,15,38,1,1,1,0,0,0,1,0,0,1,0,2,1,1,2,1,0,1,0,0,0,2,1,1,1
175,1,0,3,3,9,4,7,3,68,5,3,1,0,1,2,0,0,2,1,0,1,1,2,0,1,1,2,2,0,0,1,0,1,1
176,1,0,2,3,1,5,7,3,63,5,1,0,1,1,2,1,1,2,0,0,2,1,0,2,0,2,0,0,1,0,0,2,0,0
177,1,0,1,0,7,1,1,8,13,5,2,1,0,0,0,1,0,0,1,0,2,0,1,2,1,0,0,2,0,0,2,1,0,0
178,1,0,2,0,9,4,6,23,72,0,2,0,0,0,0,0,0,0,1,0,2,0,1,2,1,0,2,1,0,0,0,1,0,1
179,1,0,2,3,0,1,11,3,63,5,0,0,1,0,1,0,0,2,0,0,2,0,1,2,2,0,2,2,1,1,2,1,0,1
180,1,0,2,0,0,1,7,6,3,5,3,1,0,1,1,0,0,0,1,0,1,1,1,2,0,0,2,2,0,0,2,0,1,1
181,0,1,1,1,6,4,7,6,3,1,2,1,0,1,2,0,0,2,0,2,2,1,1,2,1,0,2,2,0,0,2,0,1,0
182,1,0,2,3,7,1,6,3,63,5,0,1,1,0,2,1,1,2,0,0,1,1,1,1,2,2,1,1,1,0,0,2,0,0
183,1,0,2,3,9,1,8,3,68,5,1,1,0,1,2,0,0,2,0,1,1,0,0,1,2,2,2,2,0,0,1,0,1,1
184,0,1,1,1,7,1,11,15,17,0,3,1,1,0,1,1,1,2,0,2,2,0,0,2,1,0,1,1,1,0,2,1,0,0
185,1,3,2,4,2,5,11,15,17,6,2,0,0,1,1,1,0,0,1,2,1,1,2,0,0,0,2,1,0,0,0,1,0,1
186,1,1,2,0,7,1,11,15,38,5,0,1,0,0,1,1,1,0,1,2,2,0,0,1,0,2,0,0,1,0,0,2,1,0
187,1,0,2,0,7,1,11,8,57,5,0,0,0,1,1,0,0,0,0,0,2,1,1,2,1,1,2,1,0,0,0,1,0,0
188,1,1,2,0,9,1,11,0,65,5,0,1,1,0,0,1,0,2,0,0,2,0,0,2,1,2,1,1,0,0,0,2,0,1
189,1,0,2,0,7,1,11,15,38,5,0,0,0,0,1,1,1,0,0,2,2,0,1,2,1,0,1,0,1,0,2,1,1,0
190,0,0,2,0,7,1,6,7,6,1,2,1,1,1,0,0,0,2,0,0,0,0,1,1,1,2,1,1,0,0,2,1,1,0
191,0,0,2,0,9,1,6,23,26,0,2,1,0,1,0,0,0,0,1,0,1,0,1,2,1,1,1,0,1,0,1,1,1,1
192,0,1,2,3,0,1,1,4,29,5,3,1,0,1,2,0,0,0,1,1,2,1,0,0,1,1,2,2,0,0,2,0,0,1
193,1,0,1,3,4,5,7,1,54,1,3,1,1,0,2,0,0,0,1,0,1,1,1,2,0,0,2,2,0,0,0,0,1,1
194,0,1,1,3,7,1,10,0,64,5,1,1,1,1,2,0,0,0,1,2,2,0,2,2,0,0,1,1,1,0,2,1,0,0
195,1,0,1,3,7,1,10,3,63,5,0,0,0,0,0,0,0,0,1,0,1,0,1,0,2,0,1,2,0,0,2,0,1,0
196,1,1,1,3,0,1,2,3,63,5,1,1,1,0,0,1,1,2,0,0,2,1,1,0,1,2,2,2,1,0,2,1,1,1
197,1,1,2,0,6,4,11,15,17,1,2,1,0,0,1,0,1,0,1,2,2,0,1,2,1,0,2,2,0,1,2,1,0,0
198,1,0,1,0,9,1,3,21,70,5,0,1,0,1,1,0,0,1,0,0,1,1,0,1,1,2,2,2,0,0,2,1,1,1
199,1,0,1,0,9,4,3,21,70,1,0,1,0,1,2,0,0,2,0,0,1,1,1,2,1,0,2,2,1,1,2,1,0,1
200,1,0,1,0,9,4,3,21,70,1,1,1,1,0,0,1,0,0,1,0,2,0,0,2,0,2,2,2,0,0,0,2,1,1
201,1,1,1,0,9,4,3,21,25,5,0,0,0,0,1,0,0,0,1,0,1,1,2,0,1,1,2,2,0,0,1,0,0,1
202,1,3,1,0,7,1,3,21,70,5,0,0,1,0,1,0,1,2,0,0,0,0,0,2,1,0,1,1,1,0,2,1,1,0
203,1,1,1,0,6,4,3,21,70,1,1,1,1,0,1,0,0,2,0,0,2,0,0,2,1,0,2,1,0,0,0,1,0,0
204,1,1,1,0,9,1,3,21,70,5,1,0,0,0,0,0,0,2,0,0,1,1,2,1,1,0,0,0,0,0,1,0,0,1
205,1,1,1,0,9,1,3,21,70,1,1,1,0,1,1,0,0,0,1,0,1,1,2,0,1,2,2,2,0,0,2,0,1,1
206,1,1,2,0,9,1,3,0,34,1,1,1,0,1,1,0,0,0,1,0,1,1,1,0,2,1,2,2,0,0,2,1,1,1
207,1,1,1,0,0,1,8,10,27,1,2,1,0,0,0,0,0,0,1,0,2,1,1,2,1,0,0,0,0,0,2,0,1,1
208,0,0,1,0,7,1,10,8,57,1,4,1,0,0,0,0,0,1,0,2,2,0,0,1,1,0,1,1,0,0,0,1,0,0
209,0,0,2,0,9,1,13,0,3,5,2,0,0,0,1,0,0,0,0,0,2,1,1,2,1,0,2,2,0,0,2,1,0,1
210,1,0,1,3,9,1,6,3,62,1,3,1,1,0,0,0,0,0,1,0,2,1,2,1,1,2,0,0,0,0,0,2,1,1
211,1,0,1,0,7,1,13,8,57,5,2,1,0,0,0,1,0,2,0,2,0,0,0,2,1,0,1,1,0,0,0,1,0,0
212,1,0,1,3,7,1,7,8,57,1,2,0,0,0,0,0,0,0,1,0,2,1,1,2,0,1,2,1,0,0,2,1,0,0
213,1,0,2,3,7,1,6,3,68,5,1,1,0,1,1,0,0,0,1,0,2,1,1,2,2,0,2,2,1,0,2,1,0,0
214,1,1,3,3,8,1,6,13,36,1,0,1,0,0,0,0,0,0,1,0,1,1,2,0,2,0,2,2,0,0,2,0,1,1
215,0,0,2,3,9,1,3,0,68,5,0,1,1,1,2,1,1,3,0,2,0,0,0,2,0,0,2,2,1,0,2,1,1,1
216,0,3,1,0,5,0,13,4,68,1,0,0,0,0,1,1,0,2,1,0,0,0,1,1,1,0,2,2,0,0,2,1,0,0
217,0,0,1,0,9,1,7,5,1,5,0,0,0,0,0,1,0,0,1,0,2,0,1,2,0,2,1,2,0,0,2,1,0,1
218,1,0,1,0,7,1,3,0,34,5,2,1,0,1,1,1,0,2,0,0,0,0,2,0,0,2,2,0,0,0,2,1,0,0
219,1,2,3,4,6,4,11,15,17,2,2,0,0,1,1,1,0,0,1,1,1,1,2,2,1,0,0,0,1,0,2,1,1,0
220,1,2,3,4,6,4,11,15,17,6,2,0,0,0,0,0,0,0,1,1,1,1,1,2,1,0,1,1,1,1,2,1,1,0
222,1,0,1,0,8,4,1,8,68,5,2,1,0,0,0,0,0,0,1,0,1,1,2,2,2,0,0,1,0,0,1,2,1,1
223,0,1,3,0,8,1,8,1,73,3,2,1,0,0,1,1,1,2,0,2,0,0,0,2,0,2,0,0,1,0,0,1,0,1
224,0,1,2,0,9,4,8,4,37,3,2,1,1,1,2,1,1,1,0,1,2,0,1,2,1,0,1,1,1,0,1,2,0,1
225,1,3,1,4,3,2,11,15,17,2,2,1,0,1,1,1,0,2,0,1,2,0,1,1,2,1,1,1,1,0,2,1,1,0
226,1,2,3,3,9,1,3,8,34,5,1,1,0,0,0,0,0,2,0,0,2,1,1,2,2,0,1,1,0,0,2,1,0,1
227,1,3,3,4,2,1,11,1,11,2,1,1,0,0,0,0,0,0,1,0,0,0,0,1,0,2,0,1,0,0,0,1,1,1
228,0,1,1,1,8,1,11,6,3,5,3,1,1,1,2,1,1,1,0,2,0,0,0,0,2,1,2,2,1,1,0,2,1,1
229,1,1,2,0,8,1,11,0,3,5,2,1,0,0,0,0,0,0,1,0,1,0,2,2,0,2,1,1,0,0,1,0,1,1
230,1,1,1,0,9,1,11,0,34,5,0,0,0,0,0,0,0,2,0,0,2,1,1,2,0,0,0,0,0,0,2,1,0,1
231,0,0,2,0,7,1,8,17,46,5,0,0,0,0,0,0,0,2,0,0,2,0,1,0,0,2,1,1,0,0,1,0,1,0
232,0,1,1,0,0,1,13,5,1,1,0,0,0,0,0,1,0,2,0,0,0,0,1,0,0,0,1,1,0,0,2,1,1,1
233,1,0,2,0,7,1,3,21,70,1,1,0,0,0,0,1,0,2,0,0,2,0,2,0,2,0,1,1,0,0,2,1,1,0
234,0,1,1,0,7,1,3,21,70,1,2,0,0,0,0,1,1,1,0,0,0,0,1,0,0,2,1,1,1,0,0,2,1,0
235,0,0,3,0,9,1,14,3,62,5,2,0,0,0,0,0,0,0,1,0,1,1,1,1,1,0,2,1,0,0,2,0,1,1
236,0,0,1,3,0,1,5,1,18,5,1,1,1,1,2,1,1,2,0,1,1,0,2,1,0,2,2,2,1,1,1,2,1,1
237,1,0,2,0,7,1,11,15,44,1,0,1,0,1,1,1,0,0,0,0,2,0,1,2,1,0,2,1,1,0,2,1,1,0
238,0,3,1,0,4,4,11,15,44,1,1,1,0,1,2,1,1,2,0,0,2,0,0,2,1,0,1,0,1,0,2,2,1,1
239,0,1,1,4,8,1,11,15,44,5,2,0,0,1,2,1,0,2,0,0,2,0,0,1,0,0,2,1,1,0,0,1,1,1
240,1,0,2,0,7,1,11,0,60,1,2,1,0,0,2,0,0,2,0,0,2,0,1,2,0,0,1,1,0,0,2,1,1,0
241,1,1,1,0,0,1,11,15,17,1,1,1,0,0,2,0,0,0,1,0,2,0,1,2,0,1,1,1,0,1,2,0,0,1
242,1,0,1,0,7,1,11,15,17,1,1,1,0,0,1,0,0,0,1,0,2,1,1,2,0,1,2,2,0,0,2,0,0,0
243,0,2,1,3,3,4,11,14,68,1,0,1,0,1,2,1,1,2,0,2,0,0,0,1,1,2,2,0,1,0,0,2,1,1
244,1,0,2,0,0,1,1,8,13,5,1,0,1,0,0,0,0,0,1,2,1,1,2,2,0,2,2,2,0,1,1,0,1,1
245,1,0,2,0,7,1,11,15,56,5,0,1,0,1,2,0,0,0,0,0,1,1,0,2,0,0,2,2,0,0,1,0,1,0
246,1,1,2,0,7,1,11,15,38,5,0,1,0,0,2,0,0,0,1,0,1,1,2,1,0,0,0,0,0,0,0,0,0,0
247,1,0,2,0,9,1,11,15,55,5,0,0,0,1,2,0,0,0,1,0,1,1,2,0,1,1,2,1,0,0,1,0,1,1
248,1,0,2,0,8,4,3,21,70,5,1,1,0,1,2,0,0,0,0,0,1,1,1,1,1,1,1,0,0,0,2,1,1,1
249,1,0,2,0,9,1,7,3,61,1,3,1,0,1,2,0,0,0,1,0,1,1,1,0,2,0,2,2,0,1,2,0,1,1
250,1,0,2,0,0,1,11,15,38,5,0,0,0,1,1,0,0,2,0,0,1,1,1,0,0,1,1,1,0,0,1,0,0,1
251,0,1,1,0,8,1,11,15,38,5,1,1,1,1,2,0,0,2,0,0,2,1,1,2,1,1,1,1,0,0,2,1,0,1
252,0,0,2,3,0,1,14,8,13,5,1,0,1,1,2,0,0,0,0,0,1,0,1,2,1,0,1,1,1,0,0,2,0,1
253,1,2,2,0,8,1,3,21,70,5,0,0,0,0,1,0,0,3,0,0,1,1,2,1,0,0,2,2,0,1,2,0,1,1
254,1,2,1,3,2,6,3,0,68,5,2,1,1,0,0,1,1,1,0,0,2,0,0,1,1,0,1,0,1,0,0,2,0,0
255,1,0,2,0,9,4,11,6,34,1,1,1,0,0,1,0,0,2,1,0,2,0,1,2,0,2,2,2,0,0,1,0,1,1
256,1,0,2,0,0,1,11,15,16,1,1,1,0,0,0,1,1,2,0,2,0,0,0,1,0,2,2,0,1,0,0,2,0,1
257,1,0,2,0,7,1,13,6,68,5,0,0,0,0,0,0,0,0,1,0,2,0,1,2,1,1,2,1,0,0,2,2,1,0
258,1,0,1,0,7,1,11,8,13,5,1,1,0,0,0,0,0,0,1,0,2,1,1,2,0,0,1,0,1,0,1,1,0,0
259,1,2,3,3,7,1,3,0,34,5,0,0,0,0,0,0,0,2,0,0,1,1,1,2,1,2,1,1,0,0,2,0,1,0
260,1,0,2,0,7,1,9,12,32,5,0,0,0,1,1,0,0,0,1,0,1,1,2,0,2,0,2,2,0,0,1,0,1,0
261,1,0,2,0,0,1,1,8,13,5,2,1,1,0,0,0,0,2,0,0,0,0,1,2,0,2,2,1,0,0,2,0,1,1
262,1,1,2,0,6,4,11,8,57,1,1,1,0,0,1,1,0,2,0,0,2,0,1,2,0,2,0,0,1,0,0,2,0,0
263,1,0,2,0,0,1,11,15,15,5,0,1,0,0,0,0,0,2,0,2,2,0,0,2,0,0,1,1,0,0,2,1,1,1
264,1,0,2,0,7,1,11,15,16,1,1,1,1,0,0,1,1,0,0,0,0,0,0,1,1,0,2,0,1,0,0,2,1,0
265,1,0,2,0,7,1,11,15,38,5,1,1,0,1,2,0,0,2,1,0,2,0,1,2,2,0,1,1,1,0,2,1,1,0
266,1,0,2,0,6,4,11,8,68,1,2,1,1,1,2,0,1,2,0,0,2,0,0,2,1,0,0,2,0,0,2,1,0,0
268,1,0,2,0,0,1,1,8,13,5,2,1,1,0,0,0,0,2,0,0,0,0,1,2,0,2,2,1,0,0,2,0,1,1
269,1,1,2,0,7,1,3,0,34,5,1,1,0,0,0,1,1,2,0,0,2,0,1,2,1,0,0,0,1,0,2,1,0,0
270,1,1,3,0,7,1,13,8,13,5,0,0,0,0,0,0,0,0,1,0,2,0,1,0,2,1,1,1,0,0,0,0,0,0
271,1,1,3,3,9,1,11,15,15,5,2,0,0,0,0,0,0,1,0,0,2,1,2,1,0,2,2,2,0,0,2,0,1,1
272,1,0,2,0,9,1,11,15,57,5,1,1,0,1,2,0,0,0,1,0,2,1,2,2,1,0,1,2,0,0,1,0,0,1
273,1,1,2,0,6,4,11,8,57,5,2,1,0,0,2,0,0,0,1,0,2,1,0,2,1,0,1,2,0,0,0,1,1,0
274,1,0,2,0,7,1,6,3,63,5,0,0,0,0,0,0,0,0,1,0,1,1,2,2,0,0,1,2,0,0,1,0,1,0
275,1,0,2,0,7,1,11,16,15,1,3,1,1,0,0,0,0,0,1,0,1,1,1,2,1,0,2,2,0,0,2,1,0,0
276,1,0,2,3,7,1,11,8,57,5,1,1,0,1,2,1,1,0,0,0,2,0,0,2,1,2,1,0,1,0,0,2,0,0
277,0,1,1,3,6,4,11,19,66,5,0,0,0,0,1,0,1,0,1,0,2,0,1,0,2,0,1,1,0,0,2,1,0,0
278,1,0,2,0,7,1,11,8,74,5,1,1,0,0,2,0,0,0,0,0,1,1,2,0,2,1,2,2,0,1,1,0,0,0
279,0,1,1,3,2,1,7,1,31,5,0,0,0,1,1,0,0,1,0,0,1,1,1,2,0,0,1,1,0,0,2,0,1,1
280,1,2,2,3,6,4,11,1,30,5,1,1,0,1,1,0,0,0,1,0,1,1,0,2,0,0,1,2,0,0,2,1,1,0
281,1,0,2,3,9,1,10,1,24,5,0,0,0,0,1,1,0,0,1,0,2,1,1,2,2,2,0,1,0,0,2,0,1,1
282,0,1,2,3,6,4,11,3,62,3,2,1,0,0,0,0,0,0,1,0,1,0,2,0,0,0,1,2,0,0,0,0,1,0
283,0,1,1,0,2,1,4,20,9,1,4,1,1,1,2,1,1,0,1,2,1,0,1,1,0,2,0,0,1,0,0,2,1,1
284,1,0,2,0,0,1,7,3,63,5,3,1,1,1,2,0,0,1,0,0,1,1,1,2,0,0,2,2,1,0,2,1,1,1
285,1,1,2,0,0,1,9,12,32,1,1,1,0,0,0,0,1,0,1,0,0,0,1,2,2,0,1,2,0,0,1,0,1,1
286,1,0,2,0,7,1,11,10,28,1,2,1,1,0,0,0,0,2,0,0,1,1,2,0,0,1,2,2,1,0,2,0,0,0
287,1,0,1,0,9,1,11,11,5,1,0,1,0,0,1,0,0,0,1,0,2,0,2,2,1,1,2,2,0,1,2,1,1,1
288,1,0,2,0,0,1,14,8,13,5,1,1,1,1,2,1,0,0,1,0,0,0,1,1,1,1,1,1,0,0,0,1,1,1
289,1,0,2,0,7,1,11,15,40,1,2,1,0,1,1,0,0,0,1,0,2,1,0,2,1,0,2,2,1,0,1,0,0,0
290,1,0,2,1,7,1,3,21,70,1,3,1,0,1,1,0,1,1,0,0,1,1,1,2,1,1,2,2,0,0,2,1,1,0
291,1,1,1,0,9,1,11,19,66,5,2,1,1,0,0,0,0,0,1,0,2,1,1,2,0,0,2,2,0,1,2,1,1,1
292,1,0,2,0,7,1,11,15,16,1,0,0,0,0,0,0,0,0,1,2,2,0,1,2,1,0,2,2,1,0,2,1,0,0
293,1,1,1,0,7,1,3,0,34,5,0,1,0,1,1,0,1,0,1,0,1,0,0,2,0,0,2,0,0,0,1,1,0,0
295,1,0,2,0,7,1,6,11,29,5,2,1,0,0,2,0,0,2,1,0,2,1,1,2,0,2,0,2,0,0,2,1,1,0
296,1,0,1,1,7,1,9,12,32,1,1,0,0,0,0,0,0,2,0,0,2,1,2,2,1,2,0,2,1,0,0,1,1,0
297,1,0,2,0,7,1,6,13,36,1,2,1,1,0,0,1,0,2,0,0,2,0,0,2,0,0,0,1,1,0,2,1,0,0
298,1,0,2,0,0,1,9,12,32,5,2,0,0,1,1,0,0,0,1,0,2,1,1,2,0,0,1,0,0,1,2,0,1,1
299,1,0,2,0,0,1,9,12,32,1,2,0,0,1,1,0,0,0,1,0,1,1,0,0,2,1,2,2,0,1,1,0,1,1
300,1,0,2,0,7,1,9,12,13,1,1,1,0,1,2,0,0,2,0,0,2,0,0,2,2,0,0,2,0,0,2,1,0,0
301,1,0,1,0,0,1,3,0,3,5,0,0,0,1,1,0,0,1,0,0,2,0,1,2,0,1,1,2,0,1,2,1,0,1
302,1,0,2,0,7,1,12,1,34,5,2,1,0,1,2,1,0,2,0,0,2,0,1,2,1,0,1,1,0,0,2,1,0,0
303,1,0,1,0,0,1,9,12,32,5,0,1,0,0,1,0,0,0,1,0,1,0,0,1,0,0,1,1,1,0,0,1,0,1
304,0,0,2,3,7,1,0,19,66,5,1,0,0,0,0,1,0,0,1,0,0,0,0,1,0,2,0,0,1,0,0,2,0,0
305,1,0,2,1,7,1,9,12,32,5,1,0,0,0,1,0,0,2,0,0,2,1,1,2,0,1,2,2,0,0,2,0,0,0
306,0,0,2,3,9,1,6,8,13,5,2,1,1,1,2,0,1,2,0,0,2,0,1,0,0,0,1,1,0,0,0,1,0,1
307,1,0,2,3,0,1,0,3,61,5,2,1,1,0,1,0,0,2,1,2,0,0,0,2,0,1,2,2,1,0,1,1,1,1
308,0,0,2,3,9,4,14,19,66,5,1,0,0,0,2,0,0,0,1,0,1,1,2,2,1,0,2,0,0,0,1,0,0,1
309,1,0,2,3,0,1,2,8,13,5,2,1,0,0,0,1,0,0,1,0,2,0,1,1,1,0,2,2,0,0,2,1,0,1
310,0,0,2,3,7,1,7,5,1,5,2,1,0,1,2,0,0,2,0,0,2,0,0,2,1,0,2,0,0,0,0,1,1,0
311,1,0,2,0,9,1,13,0,3,1,2,1,1,1,2,1,0,0,1,0,1,1,2,2,1,0,1,1,0,0,1,0,1,1
312,0,0,2,0,7,1,11,8,13,5,0,0,0,0,0,0,0,0,1,0,1,1,2,2,0,0,2,2,0,1,1,0,0,0
313,1,1,2,0,7,1,6,3,62,5,4,1,1,0,2,0,0,3,0,0,2,1,0,1,0,2,2,2,1,0,2,1,1,0
314,1,0,2,0,0,1,2,3,63,5,1,1,0,1,1,0,0,0,1,0,1,1,2,2,1,1,2,2,0,0,2,0,1,1
315,1,1,1,3,7,1,6,5,68,5,3,1,1,0,1,0,0,1,0,2,2,1,1,1,1,1,2,2,1,0,2,1,1,0
316,1,2,3,3,9,1,6,3,62,5,2,1,0,0,2,1,1,2,0,0,0,0,0,1,2,2,0,0,1,0,0,2,0,1
317,1,2,1,0,6,4,7,3,3,1,2,1,1,0,1,0,1,3,0,2,2,0,0,2,0,0,1,1,1,0,2,1,1,0
318,1,0,2,0,9,1,2,3,62,5,0,1,0,1,2,0,0,0,1,0,1,1,2,2,1,0,1,1,0,0,1,1,1,1
319,1,0,2,0,7,1,10,0,68,5,1,1,0,1,2,0,0,2,0,0,1,0,0,1,1,0,1,2,1,0,2,1,0,0
320,0,0,2,0,9,1,12,0,3,1,2,1,1,0,0,1,0,2,0,0,1,1,0,2,2,1,2,2,0,0,1,0,1,1
321,0,1,1,0,8,1,2,3,3,5,2,1,0,0,0,0,0,0,1,0,1,1,2,0,2,1,2,2,0,1,1,0,1,1
322,1,0,2,3,6,4,6,5,1,5,1,1,1,1,2,0,0,2,0,0,2,1,1,1,1,2,0,0,0,0,2,1,1,0
323,1,0,1,0,8,4,3,0,3,5,1,1,1,1,2,1,1,2,0,1,0,0,0,2,1,0,0,1,0,0,0,2,1,1
324,1,0,2,3,7,1,6,3,62,1,0,1,0,1,2,0,0,2,0,2,2,0,1,2,1,0,1,2,1,0,2,1,0,0
325,1,0,1,0,7,1,11,15,45,3,2,1,1,1,2,1,1,3,0,0,0,0,1,2,1,1,1,1,0,0,2,1,1,0
326,1,1,3,0,0,1,3,8,13,5,2,1,0,0,0,0,1,2,0,2,0,0,0,1,0,0,0,1,1,0,0,2,1,1
327,1,0,2,3,9,4,7,3,68,5,3,1,0,1,2,0,1,0,1,0,1,1,1,1,1,0,2,1,0,0,2,1,1,1
328,1,0,2,0,0,1,2,3,62,5,1,1,1,1,2,0,0,2,1,0,1,1,2,0,1,0,2,2,0,1,2,0,0,1
329,1,2,1,3,7,1,7,3,63,5,0,1,0,1,2,0,0,0,1,0,2,0,0,2,0,0,1,1,0,0,0,1,0,0
330,1,0,2,0,9,1,10,0,23,1,4,0,0,1,1,0,0,0,1,0,2,0,0,1,1,2,1,0,0,0,0,1,1,1
331,1,0,2,0,7,1,2,6,3,1,2,1,1,0,2,1,1,0,1,0,2,0,0,1,0,2,2,2,1,0,0,2,0,0
332,1,2,1,3,7,1,7,3,63,5,0,1,0,1,2,0,0,0,1,0,2,0,1,2,0,0,1,1,0,0,0,1,0,0
333,1,0,2,3,0,1,11,8,57,5,2,1,0,1,2,0,0,0,1,0,1,1,2,0,0,0,2,2,0,0,1,0,1,1
334,1,0,2,0,7,1,7,3,68,5,1,1,0,1,2,0,0,0,1,0,0,0,0,1,0,2,2,2,1,0,0,2,0,0
335,1,2,3,3,9,4,7,17,46,5,0,0,0,0,1,0,0,0,1,0,2,1,2,2,1,0,2,2,0,1,1,0,1,1
336,0,1,1,1,2,5,0,1,42,3,2,1,1,1,2,1,0,3,0,2,2,1,2,2,1,0,1,0,1,0,2,1,1,1
337,1,1,1,3,9,4,1,8,65,5,0,0,0,0,2,1,0,0,1,0,1,1,2,2,2,0,2,2,0,0,1,0,1,1
338,1,1,2,0,0,1,6,23,72,0,2,1,1,1,0,1,1,2,0,0,1,1,2,0,1,0,2,2,0,1,1,0,1,1
339,1,1,3,3,6,4,7,3,62,5,1,1,1,0,2,1,0,2,0,0,2,0,1,2,1,0,1,1,1,0,2,1,1,0
340,1,0,1,0,7,1,5,8,13,3,2,1,1,1,2,0,0,2,0,2,2,1,2,1,2,2,0,2,1,0,2,1,1,0
341,1,0,1,0,7,1,9,12,32,1,0,0,1,1,1,0,0,2,0,2,1,1,0,1,1,1,2,2,0,0,2,0,1,0
342,1,1,1,1,1,5,0,18,12,1,2,1,1,1,2,1,1,2,0,2,0,0,0,1,1,2,0,0,1,0,0,2,0,0
343,0,0,2,0,9,4,1,8,13,1,1,1,0,1,1,0,0,2,0,0,2,0,1,2,2,1,2,2,0,1,2,1,0,1
344,0,1,1,0,6,4,0,5,21,3,3,1,1,0,0,1,1,1,0,0,0,0,0,1,1,2,1,0,1,0,0,2,0,0
345,1,0,2,0,7,1,3,21,33,1,0,0,0,0,0,1,0,0,1,0,1,1,2,2,2,2,1,2,0,0,2,0,1,0
346,1,1,1,3,6,4,11,8,13,1,2,1,0,0,0,0,0,0,1,0,1,1,2,0,2,1,1,2,0,1,1,0,0,0
347,0,2,1,3,8,1,11,19,66,5,2,1,0,1,2,1,0,0,1,0,1,0,1,2,1,2,0,2,1,1,2,1,0,1
348,0,3,1,3,4,5,6,19,66,5,1,1,0,0,0,0,0,0,1,0,1,1,2,0,1,0,0,0,1,0,0,1,0,1
349,1,0,2,0,7,1,6,5,1,1,4,1,1,1,1,1,1,1,0,0,2,1,1,0,0,0,1,2,1,0,1,0,1,0
350,1,1,1,0,1,5,11,15,17,3,1,0,0,0,0,1,1,2,0,0,1,1,0,1,2,2,2,2,1,0,2,1,1,0
351,1,0,2,0,7,1,2,5,1,5,0,0,0,0,0,0,1,0,1,0,0,0,0,2,1,0,1,2,0,0,0,2,1,0
352,1,0,1,0,6,4,3,21,70,5,0,0,0,0,0,1,1,3,0,0,0,0,0,1,0,2,0,0,1,0,0,2,1,0
353,1,0,2,3,7,1,15,21,70,5,0,0,0,0,0,1,0,2,0,0,2,0,1,1,1,2,2,2,1,0,1,1,0,0
354,1,0,1,0,9,4,3,21,70,5,0,0,0,0,0,1,1,1,0,0,2,0,1,2,2,0,1,1,1,0,2,0,1,1
355,1,1,2,0,6,4,3,22,70,5,0,0,0,0,0,0,1,2,0,0,0,0,0,2,0,2,1,1,0,1,2,1,0,0
356,1,1,1,3,7,1,3,21,70,5,0,0,0,0,0,0,0,0,1,0,1,0,1,2,0,0,1,0,0,0,0,2,1,0
357,1,1,3,0,0,1,3,11,29,5,0,0,0,0,0,0,0,0,1,0,2,1,0,2,1,1,1,1,0,0,1,0,0,1
358,1,3,1,3,7,1,3,0,57,5,0,0,1,1,1,0,0,0,1,0,1,0,0,1,2,1,2,0,1,0,2,1,1,0
359,1,0,2,0,6,4,6,5,1,1,0,1,0,0,0,1,1,1,0,0,0,0,0,2,1,0,1,1,1,0,2,1,1,0
360,0,1,1,1,9,1,3,0,34,1,0,1,0,0,0,1,1,3,0,2,0,0,0,1,1,2,0,0,1,1,0,2,0,1
361,1,0,1,0,7,1,11,8,57,1,2,1,0,0,0,1,1,0,1,0,0,0,0,2,1,0,1,1,0,1,2,1,1,0
362,0,1,2,1,6,4,5,10,25,1,1,1,0,0,0,0,0,0,1,1,1,1,2,0,0,0,1,2,0,0,2,0,0,0
363,1,0,2,3,7,1,13,0,34,5,0,0,0,0,0,0,0,0,1,0,2,1,2,2,1,0,1,1,0,0,2,0,0,0
364,0,1,1,0,9,1,11,5,1,1,0,0,0,0,0,0,1,2,0,0,2,0,1,2,1,0,1,1,0,0,2,0,1,1
365,1,1,1,0,6,4,1,0,65,1,1,1,0,1,2,1,1,1,0,2,0,0,0,2,1,0,1,1,1,0,0,2,0,0
366,1,2,1,1,6,4,0,5,21,3,2,1,0,1,1,0,0,2,0,2,2,0,1,2,0,0,1,1,0,0,2,1,1,1
367,0,0,2,0,6,4,0,10,12,1,1,1,0,1,2,1,1,2,0,0,0,0,0,1,0,2,0,0,1,0,0,2,0,0
368,1,1,2,0,2,5,3,21,70,5,0,0,0,0,0,0,0,3,0,0,0,1,1,0,1,0,2,2,0,0,2,0,0,1
369,0,0,2,3,0,1,13,5,1,5,1,1,1,1,2,1,1,2,0,0,2,1,1,2,2,0,1,2,1,0,2,1,1,1
370,1,0,1,0,6,4,6,3,11,5,0,0,1,1,1,0,1,0,1,0,1,0,0,2,2,0,0,1,0,0,0,1,0,0
371,0,0,1,0,9,1,6,7,6,1,2,1,1,1,0,1,1,2,0,0,2,0,1,2,1,0,1,0,1,0,2,2,1,1
372,0,0,2,0,9,1,4,20,23,5,2,1,0,0,0,0,0,0,1,0,1,0,1,2,1,0,1,1,0,0,1,0,0,1
373,0,1,1,0,9,1,4,1,47,3,2,1,0,0,0,0,0,2,0,2,2,0,1,2,1,1,2,2,0,0,0,0,1,1
374,0,0,1,1,9,4,4,20,9,3,2,1,0,1,2,0,0,0,1,2,1,1,2,0,1,0,2,2,0,0,1,0,1,1
375,0,1,1,0,7,1,4,1,9,1,2,1,0,0,0,0,0,2,0,0,2,0,1,2,2,1,2,2,0,0,2,1,0,0
376,0,0,2,0,0,1,4,1,9,1,1,0,0,1,1,0,0,0,1,2,1,1,0,1,1,0,1,1,0,0,2,1,1,1
377,1,1,1,0,8,4,3,21,70,5,1,1,0,0,0,0,0,2,0,0,1,1,1,2,0,0,2,0,0,0,2,0,1,1
378,0,0,1,0,7,1,4,1,9,1,3,1,0,0,0,1,1,2,0,0,2,0,0,1,0,2,0,1,1,0,2,1,1,0
379,1,1,1,0,9,4,1,0,3,1,2,1,0,0,1,0,0,2,1,0,1,0,0,2,2,0,2,0,1,1,0,1,1,1
380,1,1,2,0,6,4,7,0,3,1,2,1,1,1,2,1,1,3,0,2,0,0,0,1,0,2,0,0,1,0,0,2,0,0
381,1,1,1,0,7,1,11,8,13,5,2,1,0,0,1,0,0,0,1,0,1,1,2,0,1,2,0,2,0,0,1,0,0,0
382,1,0,2,3,9,1,7,3,63,5,2,1,0,0,2,0,0,0,1,0,0,0,0,1,0,1,2,2,1,0,0,2,0,1
383,1,0,1,3,0,1,1,8,13,5,0,1,1,1,2,0,0,0,1,0,1,1,1,2,2,2,2,0,0,0,0,1,1,1
384,1,1,2,0,9,4,13,5,1,5,2,1,0,0,0,0,0,0,1,0,1,1,2,0,2,0,0,2,0,0,1,0,1,1
385,1,0,2,3,7,1,7,3,63,5,1,1,1,0,1,1,1,0,0,0,2,0,1,2,0,0,1,0,1,0,2,1,0,0
386,1,2,3,0,0,1,11,0,3,5,0,0,0,1,1,0,0,0,1,0,1,1,2,0,2,2,2,1,0,0,2,0,0,1
387,1,1,1,0,9,1,3,21,70,5,0,1,0,1,1,0,0,2,1,0,1,1,1,2,0,2,1,2,0,0,2,1,1,1
388,0,1,2,0,9,1,0,1,20,3,2,1,0,0,0,0,0,0,1,0,2,1,2,2,2,0,0,0,0,0,0,1,1,1
389,1,1,1,0,7,1,7,16,15,5,0,1,0,0,0,0,0,2,1,0,1,1,2,0,0,0,0,0,0,0,1,0,0,0
390,1,1,1,3,7,1,7,8,57,5,0,1,0,0,0,0,0,2,0,0,1,0,1,0,0,0,1,1,1,0,2,1,0,0
391,0,1,2,0,9,1,0,1,19,3,2,1,1,1,2,1,0,0,1,0,2,0,0,2,2,0,1,1,0,0,0,1,0,1
392,1,1,1,0,7,1,11,15,17,5,0,0,0,1,1,0,0,2,0,0,0,0,0,2,0,0,1,1,1,0,2,1,1,0
393,0,1,1,0,9,1,0,1,19,1,2,1,0,0,2,0,0,0,1,0,2,1,2,2,2,1,2,2,0,0,1,1,1,1
394,1,1,2,0,9,1,6,8,13,1,2,1,0,0,0,0,0,1,0,2,2,0,0,2,1,2,1,2,1,0,0,1,1,1
395,0,1,1,0,9,1,3,4,20,1,1,1,0,0,0,0,0,0,1,0,1,1,2,2,2,0,2,2,0,0,1,0,0,1
396,0,1,1,0,9,1,0,1,19,3,1,0,0,1,2,0,0,2,0,0,1,1,1,2,0,2,1,1,1,0,1,0,1,1
397,0,0,2,0,0,1,3,21,70,5,0,0,0,0,0,0,0,0,1,0,1,1,2,2,2,0,2,1,0,0,1,0,0,1
398,0,1,1,0,9,1,8,1,9,3,1,1,0,0,0,0,0,2,0,2,1,1,1,1,2,0,2,1,1,0,2,1,1,1
399,1,1,1,0,9,1,3,21,70,5,0,1,0,0,0,0,0,2,1,0,1,1,1,2,1,0,2,2,0,0,2,1,0,1
400,1,1,1,0,7,1,3,21,70,5,0,1,0,0,0,0,0,0,1,0,1,1,2,2,1,0,2,2,0,0,2,0,0,0
401,1,1,1,3,7,1,11,10,25,5,0,0,0,0,0,1,1,0,1,0,1,0,1,2,1,2,0,1,1,0,2,1,0,0
402,1,1,2,0,6,4,3,0,3,5,1,0,0,1,2,1,1,2,0,0,0,0,0,1,1,2,1,0,1,0,2,1,0,0
403,1,1,1,0,8,1,6,13,36,5,2,1,0,0,1,0,0,2,0,2,1,1,2,2,1,0,0,0,0,0,2,0,1,1
404,1,1,1,0,9,1,3,21,70,5,0,1,0,0,0,0,0,0,1,0,1,0,0,2,0,1,2,1,0,1,2,1,0,1
405,0,2,1,1,9,4,0,1,19,0,2,1,1,1,2,0,0,2,1,2,2,1,2,2,0,2,0,2,1,0,2,1,0,1
407,1,1,1,0,6,4,6,16,7,3,2,1,0,0,0,1,0,2,0,2,1,1,1,2,1,0,1,1,0,0,2,1,0,0
408,0,2,1,0,2,1,1,11,49,2,3,1,1,0,0,0,0,1,0,0,2,1,0,2,1,0,0,2,0,0,2,1,1,1
409,0,1,1,0,2,1,14,22,71,5,2,1,0,1,2,0,0,2,0,0,2,1,1,2,0,2,0,0,1,0,2,1,1,1
410,0,2,1,3,2,1,2,11,29,1,2,1,0,0,0,0,0,0,1,0,1,0,0,2,1,1,2,2,1,0,2,0,1,1
411,0,2,1,1,2,5,6,5,60,1,3,1,1,1,2,0,0,3,0,2,0,0,1,2,0,1,2,2,1,0,0,2,1,1
412,0,2,1,0,2,1,8,19,20,6,2,1,1,1,2,1,1,3,0,1,2,0,0,2,2,0,1,1,1,0,2,1,1,1
413,0,2,1,0,3,1,7,3,61,1,2,1,1,1,1,0,0,0,1,1,1,1,1,0,2,1,2,2,1,0,1,1,1,1
414,0,2,1,1,7,1,13,0,3,2,2,1,1,1,2,0,1,2,0,2,2,0,1,2,2,0,2,2,1,0,2,1,1,0
415,0,2,1,0,7,1,14,0,3,2,2,1,1,1,2,1,1,2,0,1,0,0,0,2,1,0,1,1,1,0,0,2,1,0
416,0,2,1,3,3,4,14,6,3,3,0,0,0,1,1,0,0,0,1,1,2,0,1,2,1,0,2,2,0,0,2,1,1,1
417,0,2,1,4,8,5,3,21,33,1,2,1,0,1,2,0,1,1,0,2,2,0,1,2,2,0,1,1,1,0,2,1,1,1
418,1,0,1,1,0,1,3,21,71,5,2,0,0,1,1,0,0,0,1,0,1,1,2,1,0,0,1,2,1,0,2,2,1,1
419,0,1,1,3,9,4,2,3,69,1,0,1,1,1,1,0,0,2,0,2,2,1,1,1,1,1,0,2,0,0,2,1,0,1
420,0,1,1,0,6,4,8,1,10,1,0,1,0,0,0,0,0,0,1,0,2,1,1,2,1,0,0,0,0,0,2,2,0,0
421,0,1,2,3,6,4,2,0,3,3,4,1,1,1,2,0,0,2,0,1,2,0,1,1,1,2,1,1,1,0,2,1,1,0
422,1,0,2,3,7,1,7,3,63,5,1,1,0,0,0,1,1,2,0,0,0,0,0,1,1,2,1,0,1,0,0,2,0,0
423,1,0,2,3,0,1,7,3,63,5,3,1,0,1,2,1,0,2,0,0,2,0,0,1,1,0,1,1,1,0,2,1,1,1
424,1,0,1,0,7,1,7,3,62,5,2,1,1,0,2,0,0,0,1,0,1,0,1,0,1,0,1,1,0,0,2,1,0,0
425,1,1,3,3,7,1,2,3,63,5,2,1,1,1,2,1,0,3,0,0,1,1,2,0,1,0,2,2,0,0,1,0,1,0
426,1,1,0,3,9,1,7,13,36,5,1,1,0,0,0,0,0,0,1,0,1,0,2,2,0,1,2,2,0,0,2,2,1,1
427,0,0,2,3,9,1,6,3,63,5,0,0,0,1,2,0,0,2,0,0,2,1,1,2,1,0,2,2,1,0,2,1,1,1
428,1,0,1,3,0,1,7,3,63,5,0,0,0,1,2,0,0,0,1,0,1,1,2,0,0,0,2,2,0,1,1,0,1,1
429,1,2,1,3,7,1,7,19,66,5,0,0,0,0,1,0,1,0,1,0,2,0,0,1,0,2,1,2,1,0,0,2,1,0
430,1,1,2,0,0,1,8,17,46,5,1,0,0,0,0,0,0,0,1,0,1,1,2,1,1,0,1,1,0,0,1,0,1,1
431,1,0,2,3,0,1,7,3,68,5,2,1,1,0,0,1,1,2,0,0,2,0,1,2,2,0,2,2,0,0,0,1,1,1
432,1,0,2,0,0,1,7,3,62,5,2,1,0,1,2,0,0,2,1,2,1,1,2,2,1,1,1,1,0,0,2,0,1,1
433,1,2,0,0,9,1,7,3,63,1,3,1,1,1,2,1,0,3,0,0,1,0,0,2,0,2,1,1,0,0,2,1,1,1
434,1,0,1,3,6,4,7,3,11,1,2,1,1,0,0,0,0,3,0,0,0,0,0,2,0,0,1,1,0,0,2,1,0,0
435,1,0,0,3,9,4,7,3,68,1,3,1,1,1,2,0,0,3,0,0,2,0,1,2,1,1,1,1,0,0,0,1,0,1
436,1,0,2,3,9,1,10,3,63,5,2,1,1,1,2,1,1,2,0,0,2,1,1,2,0,0,1,0,1,1,2,1,1,1
437,1,0,1,0,6,4,0,5,1,5,2,1,1,1,2,1,1,1,0,0,0,0,1,1,0,2,2,1,1,0,2,2,0,0
438,1,0,2,0,6,4,7,17,46,1,2,1,1,0,2,1,1,2,0,0,2,0,1,2,1,0,2,2,0,0,2,1,0,0
439,1,0,2,0,0,1,5,5,1,5,0,1,0,0,0,0,0,0,1,0,2,1,1,2,1,0,1,2,0,0,1,1,1,1
440,0,1,1,3,2,1,8,3,68,5,2,0,1,1,2,0,0,2,0,0,2,1,1,2,2,0,2,2,0,0,2,1,1,1
441,0,0,2,0,7,1,11,15,40,1,0,0,0,1,2,0,0,0,1,0,1,1,1,0,1,1,1,2,0,0,1,0,0,0
442,0,2,1,0,1,5,3,5,1,5,2,1,1,1,2,0,0,0,1,0,1,1,0,0,2,0,2,2,0,0,2,1,1,0
443,1,0,1,0,6,4,3,21,70,1,0,1,0,0,0,1,1,1,0,0,0,0,1,2,0,2,0,0,1,0,0,2,0,0
444,0,1,1,0,8,1,11,15,38,1,2,1,1,0,0,1,1,1,0,0,2,0,1,2,1,1,2,0,1,1,0,1,1,1
445,1,0,2,1,7,1,6,8,13,1,1,1,1,1,2,1,1,3,0,0,0,0,0,1,1,0,0,1,1,0,0,2,0,0
446,0,2,1,1,8,4,6,16,26,6,3,1,1,1,2,1,1,3,0,2,0,0,0,1,2,1,2,1,0,1,0,1,1,1
447,1,1,1,0,6,4,6,5,1,3,2,1,1,1,2,1,1,3,0,2,0,0,0,1,1,0,1,0,1,0,0,2,0,0
448,1,0,1,0,7,1,6,1,21,3,3,1,1,1,2,1,1,1,0,2,0,0,0,2,1,0,1,0,1,0,0,1,0,0
449,1,1,1,3,9,4,6,0,65,1,1,1,0,0,0,0,0,0,1,0,1,1,2,2,0,1,1,1,0,0,1,0,1,1
450,1,0,1,3,6,4,6,1,64,1,2,1,0,0,0,1,1,1,0,2,0,0,0,2,1,0,1,1,1,0,0,1,0,0
451,0,0,2,3,7,1,6,8,13,1,0,1,0,0,0,1,1,2,0,0,2,0,1,2,0,0,1,1,0,0,2,1,1,0
452,1,1,1,1,1,5,6,0,3,0,2,1,1,1,2,1,1,1,0,2,0,0,0,1,1,0,1,1,1,0,0,2,0,0
453,0,1,1,1,6,4,6,3,2,0,2,1,1,1,2,1,1,1,0,2,0,0,0,2,0,0,0,0,1,0,2,1,1,0
454,0,0,2,3,7,1,11,8,57,1,1,1,0,0,0,1,1,2,0,0,0,0,0,1,0,0,1,1,0,1,2,1,1,0
455,0,1,1,3,1,5,11,19,66,1,1,1,0,0,0,1,1,0,1,0,0,0,0,2,1,0,1,1,1,0,0,1,0,0
456,0,1,1,1,9,1,0,10,12,1,0,0,0,0,0,0,0,0,1,2,2,1,1,2,1,0,1,1,0,0,2,0,1,1
457,1,1,1,1,6,4,6,7,6,3,2,1,0,0,0,1,1,1,0,0,2,0,0,1,1,0,1,1,1,0,0,1,0,0
458,0,2,1,3,8,4,6,10,12,1,0,0,0,0,0,0,0,0,1,0,2,0,1,2,1,0,1,1,0,0,1,0,1,1
459,1,1,1,0,7,1,11,8,57,1,0,1,0,0,0,1,1,1,0,0,0,0,0,1,0,0,1,1,1,0,2,1,0,0
460,1,0,2,1,7,1,11,0,25,1,2,1,1,1,2,1,1,1,0,2,0,0,0,2,1,0,0,0,1,0,0,2,0,0
461,1,0,1,0,0,1,10,1,49,5,0,0,0,1,1,0,0,1,0,0,2,0,1,2,0,0,2,2,0,0,1,0,0,1
462,0,2,1,1,0,1,6,5,2,1,0,0,0,1,1,0,0,0,1,0,1,1,0,0,1,1,2,2,0,0,1,0,1,1
463,0,0,1,0,9,4,7,1,42,1,2,1,0,1,1,0,0,0,1,0,2,0,0,0,1,0,2,2,0,0,1,0,1,1
464,0,2,0,3,9,4,13,8,13,1,2,1,1,0,2,0,0,2,1,0,1,1,0,1,1,1,1,0,0,0,1,2,1,1
465,0,0,2,0,0,1,6,5,1,3,2,1,0,1,1,0,0,0,1,0,2,0,1,2,1,0,1,1,1,0,0,1,1,1
466,0,2,1,0,2,1,6,5,1,1,2,1,0,1,2,0,0,1,0,2,0,1,1,0,1,0,2,2,0,0,2,1,1,1
467,1,0,2,0,9,1,8,5,1,1,2,1,0,0,1,0,0,0,1,0,1,0,0,0,1,1,2,2,0,0,1,0,1,1
468,0,1,1,3,6,4,7,8,57,1,1,1,0,0,0,1,1,2,0,0,0,0,0,2,0,0,0,0,1,1,0,2,0,0
469,0,0,2,3,9,1,5,19,66,1,0,0,0,0,0,0,1,0,1,0,2,0,1,2,1,0,1,1,0,0,2,0,1,1
470,1,2,1,2,6,4,7,3,61,1,1,1,1,0,0,1,1,1,0,1,0,0,0,2,1,0,0,0,1,0,0,2,0,0
471,0,1,1,0,6,4,7,0,68,3,1,1,1,1,2,1,1,1,0,2,2,0,0,2,0,2,0,0,1,0,2,1,0,0
472,1,1,1,0,7,1,6,7,6,1,2,1,1,1,0,1,1,1,0,0,0,0,0,2,1,0,2,1,0,0,0,1,0,0
473,0,0,2,2,7,1,7,10,68,3,2,1,1,0,0,1,1,3,0,2,2,0,0,2,0,0,0,0,1,0,0,2,0,0
474,0,1,1,0,6,4,7,6,68,3,2,1,1,0,0,1,1,2,0,2,0,0,1,2,1,0,0,0,1,0,0,2,0,0
475,1,0,2,0,7,1,7,3,62,5,2,0,0,0,1,1,1,2,0,2,0,0,0,2,1,0,0,0,0,0,2,1,1,0
476,0,0,2,0,6,4,7,0,68,3,2,1,1,1,2,1,1,3,0,2,0,0,0,2,0,0,0,0,1,0,0,2,0,0
477,1,0,2,0,9,1,7,3,62,5,2,0,0,1,1,0,0,2,0,2,2,0,1,2,2,0,2,2,0,0,2,0,1,1
478,0,0,2,3,7,1,7,17,46,5,2,0,1,1,2,1,1,2,0,0,2,0,1,2,1,0,0,0,1,0,2,1,0,0
479,0,1,1,2,6,4,7,0,68,3,2,1,1,1,2,1,1,3,0,2,0,0,0,2,0,2,0,0,0,0,0,2,0,0
480,0,0,2,3,6,4,7,17,46,1,2,1,0,0,0,0,0,0,1,0,2,1,1,2,2,1,2,2,0,0,2,0,1,0
481,0,0,2,3,0,1,7,1,19,5,2,0,0,1,2,0,0,1,0,2,2,0,1,2,2,1,1,1,0,0,2,0,1,1
482,0,0,2,3,9,4,7,1,19,5,2,1,0,1,2,0,0,1,0,0,1,0,2,2,0,1,2,2,0,0,0,0,1,1
483,0,1,1,3,1,5,7,1,18,5,2,0,1,1,2,0,0,2,0,0,0,0,0,2,0,0,1,1,0,0,2,1,0,0
484,0,0,2,3,7,1,7,1,18,5,2,0,0,0,0,0,0,0,1,0,0,0,1,2,0,0,1,1,0,0,2,1,0,0
485,0,1,1,3,9,4,7,19,66,5,2,0,0,0,0,0,0,0,1,0,0,0,1,0,0,0,1,1,0,0,0,0,0,1
486,0,0,2,3,7,1,7,1,34,5,2,1,0,0,0,0,0,2,0,0,0,0,1,1,0,0,1,1,0,0,2,1,0,0
487,0,0,2,3,7,1,7,13,36,5,2,1,1,1,2,1,1,1,0,0,0,0,0,2,1,0,0,0,1,0,0,2,0,0
488,0,1,1,3,6,4,7,4,29,5,2,0,0,0,0,0,0,0,1,0,1,0,2,0,0,2,1,1,0,0,1,0,0,0
489,0,0,1,0,9,1,1,13,36,1,2,1,1,0,0,1,1,2,0,2,2,0,1,2,0,2,1,1,1,0,2,1,1,1
490,1,0,2,0,7,1,11,8,13,5,0,0,1,1,1,0,0,2,0,0,2,0,2,0,1,0,1,1,0,0,2,1,0,0
491,0,1,1,0,9,4,13,2,58,1,3,1,1,0,0,1,1,0,1,1,0,0,1,1,2,2,0,0,1,0,2,1,1,1
492,1,0,1,0,9,1,6,3,61,1,1,1,1,0,0,1,1,1,0,0,2,0,1,2,2,0,0,1,1,0,2,1,1,1
493,1,0,2,3,0,1,3,21,71,5,0,0,0,0,0,0,0,0,1,0,2,0,2,0,1,2,2,2,0,0,1,0,0,1
494,0,0,2,0,7,1,1,3,61,1,1,1,1,0,0,1,1,1,0,0,0,0,0,2,1,2,0,1,1,0,0,1,0,0
495,0,1,1,1,9,1,6,10,25,3,2,1,1,0,0,1,1,2,0,2,0,0,0,1,1,0,0,1,1,1,0,2,1,1
496,1,1,1,1,9,4,3,21,70,1,3,0,0,0,0,1,0,2,0,0,2,0,1,2,1,0,2,2,1,0,2,1,1,1
497,1,0,2,0,9,1,0,13,36,1,2,1,1,0,0,1,1,2,0,0,2,0,1,1,1,0,0,1,1,0,2,1,1,1
498,0,0,2,3,9,1,14,1,8,1,0,1,1,1,2,1,1,2,0,2,0,0,1,2,1,0,0,1,1,0,0,1,0,1
499,0,0,1,0,0,1,5,19,66,5,0,0,0,1,2,0,0,2,0,0,2,0,1,0,2,1,2,2,0,0,1,0,1,1
500,1,0,2,3,0,1,1,8,13,5,0,1,0,0,0,0,0,0,1,0,2,0,1,2,1,1,1,1,0,0,2,1,1,1
501,1,1,1,1,9,4,11,0,3,0,3,1,1,0,0,1,1,2,0,1,0,0,0,1,1,0,1,1,1,0,0,2,1,1
502,0,0,2,0,7,1,13,0,34,1,2,1,1,1,0,0,1,2,0,0,2,0,0,2,1,0,1,1,1,0,0,1,1,0
503,0,1,1,0,9,1,7,0,34,1,1,1,0,0,0,1,1,0,1,0,0,0,0,2,0,2,1,1,1,0,0,1,1,1
504,1,0,2,0,7,1,3,0,34,5,0,0,0,0,0,0,0,0,1,0,1,0,1,2,1,2,1,2,0,0,1,1,0,0
505,0,2,0,1,8,4,0,10,27,3,2,1,1,0,0,1,1,3,0,2,0,0,0,2,2,1,0,2,0,0,0,1,1,1
506,1,0,1,2,9,1,1,1,51,1,0,1,1,0,0,1,1,1,0,0,2,0,1,2,1,0,0,0,1,0,2,2,1,1
507,0,0,2,3,7,1,13,8,13,1,0,1,0,0,0,1,1,1,0,2,0,0,0,2,1,0,1,1,0,0,0,1,1,0
508,1,1,1,2,9,1,6,2,59,1,1,1,1,0,0,1,1,2,0,0,2,0,1,1,1,0,1,1,1,1,2,1,1,1
509,0,1,2,2,9,1,6,10,27,1,1,1,1,1,2,1,1,2,0,0,0,0,1,2,1,0,0,1,1,0,0,2,1,1
510,1,0,2,2,9,1,11,0,36,1,1,1,1,0,0,1,0,2,0,0,0,0,1,2,1,0,2,1,0,0,0,1,1,1
511,0,2,1,4,2,6,11,15,17,2,4,1,1,0,0,1,1,3,0,0,0,0,0,2,1,0,1,0,1,0,0,2,0,0
512,1,1,1,4,6,4,11,15,17,2,4,1,1,1,2,1,1,1,0,0,0,0,1,2,1,1,1,1,1,0,2,1,0,0
513,0,0,1,4,7,1,11,1,42,1,4,1,1,1,2,1,1,1,0,2,2,0,0,2,2,0,1,0,1,0,0,1,1,0
514,1,1,2,4,6,4,11,0,3,0,4,1,1,1,2,1,1,3,0,2,0,0,0,1,0,2,1,0,1,0,0,2,1,0
515,1,1,1,1,1,5,11,15,38,1,4,1,1,0,0,1,1,3,0,0,0,0,0,2,2,0,0,0,1,0,0,2,0,0
516,1,2,1,4,2,6,11,0,68,0,4,1,1,1,2,1,1,3,0,0,0,0,0,2,1,2,1,1,1,0,0,2,0,0
517,0,0,2,2,6,4,11,15,38,1,4,1,1,1,2,1,1,1,0,2,0,0,0,2,1,0,0,0,1,0,0,2,1,0
518,0,1,1,2,6,4,11,15,17,3,4,1,1,1,2,1,1,3,0,0,0,0,1,2,0,2,1,0,1,0,2,2,0,0
519,1,0,2,3,7,1,11,15,17,1,4,1,1,1,1,0,1,2,0,0,0,0,0,1,0,2,1,0,1,0,2,1,0,0
520,1,0,1,1,7,1,11,15,44,3,4,1,1,1,2,1,1,2,0,2,0,0,0,0,2,0,1,1,0,0,0,1,1,0
521,0,1,1,1,9,4,11,15,40,3,3,1,1,0,0,0,0,1,0,0,2,1,2,1,0,2,1,1,0,0,2,0,1,1
522,0,1,1,2,9,1,14,1,42,1,0,1,1,0,0,0,0,2,0,0,2,0,1,2,1,0,1,1,0,0,2,1,1,1
523,1,1,1,2,6,4,13,0,34,1,1,1,1,0,0,1,1,2,0,0,0,0,0,1,2,2,1,1,1,0,2,2,0,0
524,1,0,2,3,0,1,13,4,68,5,0,1,1,1,2,0,0,0,1,0,0,0,1,2,1,0,1,1,0,0,2,1,0,1
525,0,0,1,1,9,1,6,3,61,1,2,1,1,0,0,1,1,2,0,2,2,0,1,2,1,2,0,1,1,0,2,1,1,1
526,1,0,2,2,0,1,11,8,13,5,0,1,1,0,0,0,0,2,1,0,2,0,1,2,1,0,1,1,0,0,2,1,0,1
527,1,0,2,2,7,1,13,0,34,5,1,1,0,0,1,1,0,2,0,0,2,0,1,2,1,0,1,1,1,0,2,1,1,0
528,0,1,1,1,9,1,6,23,26,0,2,1,1,0,0,1,1,1,0,2,0,0,0,2,1,0,1,1,1,1,0,2,1,1
529,1,1,1,1,9,1,3,21,70,1,0,1,0,0,0,0,0,1,0,0,2,0,1,2,1,0,1,0,0,0,2,1,0,1
530,0,0,2,3,9,1,7,19,66,5,0,1,0,0,0,0,1,0,1,0,2,0,1,2,1,0,1,1,0,0,2,1,0,1
531,1,1,1,2,9,1,0,10,27,1,1,1,0,0,0,1,1,2,1,0,2,0,1,2,1,0,0,0,1,1,2,1,0,1
532,0,1,1,1,8,4,11,15,17,0,3,1,1,1,2,1,1,3,0,1,0,0,0,2,1,1,1,1,1,1,0,2,1,1
533,1,0,2,2,9,1,1,2,59,1,1,1,1,1,2,1,1,2,0,0,2,0,0,2,1,0,1,1,0,0,2,1,1,1
534,1,0,2,3,7,1,3,0,34,5,0,1,0,0,0,0,0,1,0,0,2,0,1,2,1,0,2,2,0,0,1,1,0,0
535,0,0,1,1,9,1,5,5,1,1,1,1,0,0,0,0,1,2,0,0,2,0,1,2,1,0,2,2,0,0,2,1,1,1
536,1,1,2,1,9,4,3,21,33,1,1,0,0,0,0,0,0,2,0,0,2,0,1,0,2,0,2,2,1,0,2,1,1,1
537,0,0,1,2,9,1,14,2,58,1,1,1,1,0,0,1,1,0,1,0,2,0,1,2,1,0,1,1,1,0,2,1,1,1
538,0,1,1,2,9,1,7,10,27,3,2,1,0,0,0,1,1,2,0,0,0,0,0,2,0,0,1,1,1,0,0,2,1,1
539,1,0,2,2,9,1,11,8,13,5,0,1,0,0,0,0,1,0,1,0,2,0,1,2,1,0,1,1,0,0,2,1,1,1
540,0,1,1,1,9,1,1,3,61,1,1,1,1,0,0,0,1,1,0,0,2,0,1,2,1,0,0,1,0,0,2,1,1,1
541,1,0,1,3,0,1,0,5,1,1,0,1,1,0,0,0,1,2,0,0,2,0,1,1,0,0,0,1,0,0,2,1,1,1
542,0,0,2,3,0,1,6,3,62,1,1,1,0,0,1,1,1,2,0,0,0,0,1,2,0,0,0,1,0,1,0,1,1,1
543,1,0,2,3,7,1,6,3,62,1,2,0,0,0,0,0,0,2,0,0,0,0,0,2,1,0,1,1,0,0,0,0,1,0
544,0,1,1,3,8,1,6,19,66,5,1,0,0,0,0,1,0,0,1,0,0,0,0,2,1,2,2,0,0,1,0,1,0,1
545,1,1,1,2,6,4,6,3,61,1,2,1,1,1,2,1,1,3,0,0,0,0,0,2,1,2,1,0,1,0,0,2,0,0
546,0,2,1,3,9,4,6,3,62,5,2,1,1,1,2,1,1,2,0,0,0,0,0,2,2,1,0,1,0,0,0,1,1,1
547,1,0,2,2,6,4,6,8,57,1,3,1,1,1,2,1,1,3,0,2,0,1,0,2,0,2,1,0,1,0,0,2,0,0
548,0,1,1,2,8,4,6,0,3,1,3,1,1,1,2,1,1,2,0,0,0,0,0,1,2,1,2,2,0,1,0,0,1,1
549,1,1,1,2,6,4,6,13,36,1,3,1,1,1,2,1,1,3,0,0,0,0,0,2,1,0,1,0,1,0,0,2,1,0
550,1,0,2,1,6,4,6,1,42,1,3,1,1,1,2,1,1,3,0,0,0,0,0,1,1,2,1,0,1,1,0,2,0,0
551,0,1,1,1,6,4,6,3,61,1,4,1,1,1,2,1,1,1,0,1,0,0,0,1,0,2,0,0,1,0,0,1,0,0
552,0,2,1,4,8,4,6,5,21,3,4,1,1,1,2,1,1,2,0,0,0,0,0,2,2,1,1,0,1,0,0,2,1,1
553,1,0,2,2,7,1,6,3,62,1,3,1,1,1,2,1,1,2,0,0,0,0,0,2,1,0,0,0,1,0,2,2,0,0
554,0,1,1,1,6,4,6,0,22,3,4,1,1,1,2,1,1,1,0,2,0,0,0,2,1,0,0,0,1,0,2,1,0,0
555,1,2,1,1,2,6,6,23,3,0,2,1,1,0,0,1,1,1,0,0,0,0,0,2,1,2,0,0,1,0,0,1,0,0
556,0,1,1,1,6,4,6,1,42,0,4,1,1,1,2,1,1,3,0,2,0,0,1,2,1,0,0,0,1,1,2,2,1,0
557,0,2,1,4,2,6,6,11,29,1,4,1,1,1,2,1,1,3,0,0,0,0,0,2,1,0,0,0,1,1,0,2,0,0
558,1,2,1,1,1,5,6,5,21,1,4,1,1,1,2,1,1,2,0,2,0,0,0,2,0,2,1,1,1,0,2,1,1,0
559,1,1,1,4,1,5,6,2,58,1,4,1,1,1,2,1,1,3,0,1,0,0,0,1,0,2,1,0,1,1,0,2,1,0
560,0,1,1,4,2,6,6,16,26,6,4,1,1,1,2,1,1,2,0,0,0,0,0,1,1,0,0,1,1,1,2,2,0,0
561,0,3,1,4,3,2,6,0,3,2,4,1,1,1,2,1,1,3,0,1,0,0,0,2,2,0,0,0,1,1,0,2,0,0
562,0,2,1,4,2,6,6,0,22,2,4,1,1,1,2,1,1,3,0,1,0,0,0,2,1,0,1,0,1,1,0,2,0,0
563,1,1,1,1,1,5,5,0,3,1,4,1,1,1,2,1,1,1,0,0,0,0,2,1,0,2,0,0,0,0,2,1,0,0
564,1,2,1,4,1,5,11,15,17,3,3,1,1,1,2,1,1,1,0,0,0,0,1,2,1,0,0,0,1,1,0,2,1,0
565,0,0,2,3,7,1,14,1,73,5,0,0,0,1,2,0,0,2,0,0,0,0,0,2,1,2,1,1,0,0,2,1,0,0
566,0,0,2,3,6,4,14,3,63,5,0,1,0,0,0,1,1,1,0,0,0,0,1,2,1,1,0,0,0,0,2,1,0,0
567,0,0,2,3,7,1,14,2,0,5,0,1,0,1,2,0,0,2,0,0,2,0,1,0,1,0,1,1,0,0,2,1,0,0
568,0,0,1,2,6,4,14,2,58,5,0,1,0,0,0,1,1,1,0,2,0,0,1,2,1,0,0,0,0,1,2,1,1,0
569,0,0,2,2,9,1,6,0,22,3,2,1,1,0,0,1,1,2,0,0,0,0,1,1,2,0,1,1,1,0,2,1,1,1
570,1,1,1,2,9,4,11,0,3,3,1,1,1,1,2,1,1,1,0,2,0,0,1,2,0,0,1,1,1,0,2,1,1,1
571,1,0,2,3,0,1,1,8,13,1,0,1,1,1,1,0,0,2,0,0,2,0,1,2,0,0,1,1,1,0,2,1,1,1
572,0,0,2,2,7,1,6,3,61,1,1,1,0,0,0,1,0,2,0,2,2,0,1,0,1,2,0,1,0,0,2,1,0,0
573,0,0,2,3,9,1,7,4,29,1,1,1,0,1,1,0,0,2,0,2,2,0,1,0,1,0,0,1,0,0,2,1,1,1
574,1,0,1,2,9,1,1,3,61,1,0,1,1,1,2,0,0,2,0,2,2,0,1,0,2,0,1,1,1,0,2,1,1,1
575,0,1,1,2,9,1,13,5,2,3,1,1,1,0,0,1,1,1,0,2,2,0,0,2,1,2,0,1,1,0,2,1,1,1
576,1,0,1,2,0,1,3,0,34,5,0,0,0,0,0,0,0,0,1,0,1,1,2,0,2,0,2,2,0,0,1,0,0,1
577,0,1,1,1,9,1,0,2,58,1,2,1,1,0,0,1,1,1,0,0,0,0,1,2,0,0,1,1,0,0,2,1,1,1
578,1,1,1,2,9,1,3,21,70,1,1,0,0,0,0,0,0,3,1,0,2,0,1,0,1,0,1,1,0,0,2,1,1,1
579,1,0,1,2,0,1,11,8,13,5,1,1,0,0,0,0,0,2,0,0,0,0,1,2,0,0,1,1,0,0,2,1,1,1
580,0,1,1,1,9,4,6,10,27,3,1,1,1,0,0,1,1,1,0,2,2,0,1,2,0,0,0,1,1,0,2,1,1,1
581,1,1,1,1,9,4,3,21,33,1,1,0,0,0,0,0,0,1,0,0,2,0,1,0,1,0,1,1,0,0,2,1,1,1
582,0,0,2,2,9,1,11,5,1,1,2,1,0,0,0,0,1,2,0,0,2,0,1,0,1,0,1,1,0,0,2,1,1,1
583,1,0,2,2,9,1,7,3,59,1,2,1,0,0,0,1,1,1,0,0,2,0,0,2,1,0,0,0,0,0,2,1,1,1
584,1,1,0,2,9,4,5,10,27,3,1,1,0,0,0,1,1,2,0,2,2,0,0,2,0,0,0,1,1,0,2,1,0,1
585,0,0,2,3,7,1,11,0,34,5,0,1,0,1,2,0,0,1,0,0,2,0,1,2,0,1,0,1,0,0,2,1,0,0
586,0,2,1,4,8,4,11,15,17,0,4,1,1,1,2,1,1,3,0,1,0,0,0,2,1,0,2,2,1,1,0,2,1,1
587,0,1,1,2,9,4,5,3,51,3,1,1,0,0,0,1,1,2,0,2,2,0,1,0,1,0,1,1,1,0,2,1,1,1
588,0,0,1,2,9,4,7,3,61,1,1,1,0,0,0,0,0,2,0,2,2,1,1,0,0,0,0,0,1,0,2,1,1,1
589,0,1,1,2,6,4,7,0,68,3,4,1,1,1,2,1,1,1,0,1,0,0,0,2,1,0,0,0,1,0,2,1,0,0
590,0,0,1,3,1,5,7,0,68,1,4,1,1,1,2,1,1,1,0,2,0,0,0,2,1,0,0,0,1,0,2,1,0,0
591,0,1,1,3,7,1,7,3,62,5,3,1,1,1,2,1,1,1,0,0,2,0,0,0,1,1,0,0,1,0,0,1,0,0
592,0,1,1,3,6,4,7,3,62,5,3,1,1,1,2,1,1,1,0,1,0,0,0,1,0,2,1,0,1,1,2,1,1,0
593,0,1,1,3,7,1,7,17,46,5,3,1,1,1,2,1,1,2,0,2,0,0,1,1,0,2,0,0,1,0,0,2,1,0
594,0,1,1,3,7,1,7,4,37,5,3,1,1,1,2,1,1,3,0,1,0,0,1,1,1,0,2,0,1,1,2,1,0,0
595,0,1,2,3,6,4,7,4,19,5,3,1,1,1,2,1,1,1,0,1,0,0,0,2,0,2,2,0,1,1,2,2,0,0
596,0,2,1,3,1,5,7,1,18,5,3,1,0,1,2,1,1,1,0,1,0,0,0,2,1,0,0,2,1,1,2,1,1,0
597,0,1,2,2,6,4,3,21,70,1,2,1,1,1,2,1,1,2,0,0,0,0,0,2,1,0,2,0,1,0,0,2,1,0
598,1,0,2,2,7,1,3,21,70,5,0,1,1,0,0,1,1,2,0,0,0,0,0,1,2,0,0,0,1,0,2,1,0,0
599,0,1,1,2,9,4,6,10,25,1,1,1,1,0,0,1,1,2,0,2,2,0,1,2,0,2,0,0,1,0,2,1,1,1
600,1,0,2,2,0,1,11,2,59,1,1,1,0,0,0,0,0,2,0,0,2,0,1,0,1,2,1,1,1,0,2,1,1,1
601,1,1,1,2,9,1,3,0,34,1,1,0,0,0,0,0,0,2,0,2,0,0,1,2,0,0,1,1,1,0,2,1,1,1
602,0,0,1,2,9,1,7,3,51,1,1,1,1,0,0,1,1,2,0,2,2,0,1,2,0,0,0,0,1,1,2,1,1,1
603,1,0,1,1,9,1,13,10,27,1,1,1,1,0,0,1,1,2,0,0,2,0,0,0,1,0,0,0,1,0,2,1,1,1
604,0,1,1,1,9,1,0,0,3,3,1,1,1,1,2,1,1,2,0,1,0,0,0,1,2,1,2,2,1,1,0,2,1,1
605,0,0,2,2,0,1,1,3,61,1,1,1,1,1,1,1,1,2,1,0,2,0,1,2,0,0,0,0,1,1,2,1,1,1
606,0,1,1,1,9,1,14,1,42,3,1,1,1,1,1,1,1,1,0,2,0,0,1,2,2,1,1,1,0,1,2,1,1,1
607,1,0,2,2,0,1,1,8,13,5,0,1,0,0,0,0,0,2,0,0,2,0,0,0,2,1,0,0,1,0,0,1,1,1
608,0,1,1,1,9,4,0,13,36,1,1,1,0,0,0,1,1,2,0,0,0,0,0,0,1,0,2,2,1,0,2,1,1,1
609,0,1,1,2,9,4,5,10,27,3,2,1,0,0,0,0,0,2,0,0,0,0,1,2,1,0,0,0,1,0,2,1,1,1
610,1,0,2,2,9,1,1,4,29,1,1,1,0,0,0,1,0,1,0,0,2,0,1,2,2,1,2,2,0,0,2,1,1,1
611,1,0,2,2,0,1,1,8,13,5,0,1,0,1,1,0,0,2,0,0,2,1,1,0,0,0,0,0,0,0,2,1,1,1
612,0,0,2,2,0,1,11,8,13,5,0,1,0,1,1,0,0,2,0,0,2,0,1,2,0,0,0,0,0,0,2,1,1,1
613,1,1,1,2,9,4,13,2,59,1,1,1,0,0,0,0,0,1,0,0,1,0,0,2,2,0,0,0,0,0,2,1,1,1
614,0,1,1,2,9,4,14,13,36,1,2,1,0,0,0,0,0,2,0,0,2,0,0,0,2,1,2,2,0,0,2,1,1,1
615,1,0,1,2,9,1,10,10,27,3,1,1,1,1,2,1,1,2,0,0,0,0,0,2,1,2,0,0,1,1,0,1,1,1
616,1,0,1,2,9,4,1,3,61,1,1,1,0,0,0,0,0,2,0,0,2,0,0,0,1,0,0,0,1,0,2,1,1,1
617,0,1,1,1,9,4,6,0,22,3,1,1,1,1,2,0,0,2,0,2,0,0,0,2,2,1,0,0,0,0,2,1,1,1
618,0,1,2,2,9,1,7,2,59,1,2,1,0,0,0,0,0,2,0,2,0,0,1,2,1,0,0,0,0,1,2,1,1,1
619,0,0,2,3,7,1,14,1,15,5,2,1,1,1,2,1,1,2,0,0,0,0,0,2,1,0,0,0,1,0,0,2,1,0
620,0,0,2,3,7,1,14,3,51,5,2,1,1,1,2,1,1,2,0,1,0,0,0,2,0,2,1,1,1,0,2,2,0,0
621,0,0,0,3,6,4,14,4,20,3,2,1,1,1,2,1,1,3,0,0,0,0,0,2,1,0,1,1,1,1,2,1,1,0
622,0,0,2,3,6,4,14,11,29,5,2,1,1,1,2,1,1,1,0,2,2,0,0,2,1,2,0,0,1,0,2,1,0,0
623,0,0,1,3,7,1,14,1,73,5,2,1,1,1,1,1,1,2,0,2,2,0,1,2,2,1,2,2,0,1,2,0,1,0
624,0,0,1,3,6,4,14,8,13,1,2,1,1,1,2,1,1,2,0,0,0,0,1,2,1,0,1,1,0,0,2,1,0,0
625,1,1,1,2,6,4,3,21,70,1,2,1,1,0,1,1,1,2,0,0,2,0,0,2,0,2,1,1,1,0,2,1,0,0
626,0,0,1,1,7,1,11,8,57,1,2,1,1,1,2,1,1,2,0,0,0,0,0,1,0,2,1,1,1,0,2,1,0,0
627,0,1,1,4,1,5,11,0,3,3,3,1,1,1,2,1,1,1,0,0,0,0,0,2,0,2,1,0,1,1,0,2,0,0
628,1,1,1,1,6,4,3,0,3,1,2,1,1,1,1,1,1,3,0,0,0,0,0,2,1,0,0,0,1,0,2,1,1,0
629,0,1,1,2,9,1,7,10,27,3,2,1,1,0,0,1,1,2,0,0,0,1,2,2,0,1,2,1,0,1,2,1,1,1
630,1,0,1,2,9,1,1,4,29,1,1,1,0,1,1,0,0,2,0,0,2,0,1,0,1,0,1,1,0,0,2,1,1,1
631,0,0,2,3,9,4,1,8,13,1,0,1,1,0,0,1,0,1,0,0,2,1,1,2,0,1,1,1,1,0,2,1,0,1
632,1,1,1,2,9,4,2,0,34,1,1,1,0,0,0,0,0,1,0,0,2,0,2,0,0,0,0,1,0,0,2,1,0,1
633,1,0,1,2,9,1,11,2,59,1,1,1,0,0,0,0,0,2,1,0,2,1,2,0,0,2,0,1,0,0,2,0,0,1
634,1,0,2,2,9,1,5,0,34,1,1,1,0,0,1,0,0,1,0,0,2,0,1,2,1,0,1,1,0,0,2,1,0,1
635,0,1,1,2,9,4,6,0,3,3,2,1,0,0,0,1,1,1,0,2,2,0,0,1,2,0,0,0,1,0,2,1,1,1
636,1,0,1,2,9,1,1,3,61,1,1,1,0,0,0,0,0,2,0,0,2,0,1,2,2,1,2,1,1,1,2,1,1,1
637,0,1,1,2,9,4,14,1,51,3,2,1,1,1,2,0,0,2,0,2,2,0,1,0,2,1,2,2,0,0,0,1,1,1
638,1,0,2,2,9,1,1,13,36,3,1,1,1,0,0,1,1,1,0,2,0,0,1,0,1,0,1,1,0,0,2,1,1,1
639,0,0,2,2,9,1,11,8,13,1,0,1,0,0,0,0,0,1,0,0,2,0,1,0,1,0,0,0,0,0,2,1,1,1
640,1,0,1,2,9,1,11,2,59,1,1,1,0,0,0,1,0,1,0,0,2,0,1,2,0,0,0,0,0,0,2,1,1,1
641,1,0,2,2,9,1,11,8,13,1,0,1,0,0,0,0,0,1,0,0,2,0,1,0,2,1,2,1,0,0,2,1,1,1
642,0,0,2,2,7,1,2,0,34,1,1,1,1,0,0,1,0,2,0,0,0,0,1,0,1,0,0,0,1,1,2,1,1,0
643,0,1,1,2,9,4,5,1,51,3,1,1,0,0,0,0,0,1,0,2,2,0,0,2,1,0,0,0,0,1,2,1,1,1
644,0,1,1,2,9,1,2,1,42,1,0,1,0,1,2,0,0,1,0,0,2,0,1,2,0,0,0,1,0,0,2,1,1,1
645,1,0,2,2,9,1,11,5,1,1,0,1,0,0,0,0,0,2,0,0,0,0,1,2,0,0,0,0,0,0,2,1,1,1
646,0,1,2,2,9,1,2,0,3,3,2,1,0,0,0,0,0,2,0,2,2,1,1,2,2,0,0,1,0,0,2,1,1,1
647,0,0,1,2,9,1,0,1,42,3,1,1,0,0,0,0,1,2,0,0,2,0,1,2,0,0,0,1,0,1,0,1,0,1
648,0,1,2,1,9,4,11,0,3,3,1,1,1,1,2,1,1,2,0,0,2,0,1,2,0,0,0,1,1,0,2,1,1,1
649,1,0,2,2,0,1,1,8,13,1,1,1,0,0,0,0,0,1,0,0,2,1,1,2,1,0,0,0,1,1,2,1,1,1
650,0,0,2,2,9,1,2,0,65,1,0,1,0,0,0,0,0,0,1,2,2,0,0,0,1,0,0,0,1,1,0,1,1,1
651,0,0,1,2,6,4,2,0,3,3,1,1,0,0,0,1,1,2,0,1,0,0,0,2,0,0,1,1,1,0,0,2,0,0
652,1,2,1,2,6,4,2,6,3,1,0,1,0,0,0,1,1,0,1,0,1,0,2,2,1,0,0,0,1,0,2,1,1,0
653,1,1,1,2,1,5,8,2,59,1,2,1,1,0,0,1,1,1,0,2,0,0,0,2,0,0,0,1,1,0,0,2,0,0
654,0,1,0,2,9,4,2,1,64,1,1,0,0,1,2,0,0,0,1,0,2,1,1,0,0,0,1,1,0,0,1,0,1,1
655,0,1,1,2,1,5,14,0,3,3,1,1,1,1,2,1,1,0,0,2,0,0,0,2,1,0,1,1,1,0,2,1,1,0
656,0,1,1,2,6,4,8,0,3,1,1,1,1,1,2,1,1,2,0,2,0,0,0,2,0,2,0,2,1,0,0,2,0,0
657,0,1,2,2,1,5,8,16,15,3,1,0,1,0,2,1,1,0,1,0,2,0,1,2,1,0,1,2,1,0,2,1,0,0
658,0,0,1,2,7,1,14,0,64,1,1,0,0,0,0,0,0,2,0,0,1,1,1,2,1,0,0,0,0,1,2,1,0,0
659,0,2,1,2,1,5,3,21,70,1,1,0,0,0,0,1,1,2,1,0,2,1,1,2,0,0,1,1,1,0,2,2,0,0
660,0,2,2,2,6,4,8,3,11,1,1,0,0,1,2,0,1,0,1,0,2,0,0,2,1,0,2,1,1,0,2,1,0,0
661,0,0,2,3,7,1,14,0,68,5,4,1,1,1,2,1,1,2,0,2,2,0,0,2,1,2,1,0,1,0,0,2,0,0
662,0,1,1,1,6,4,6,0,22,5,1,0,0,0,0,1,1,0,1,0,2,0,0,2,0,2,0,0,1,0,2,1,1,0
663,0,0,2,2,7,1,11,15,17,2,3,1,1,1,2,1,1,2,0,1,0,0,0,2,2,1,2,0,0,0,2,1,0,0
664,0,0,2,3,7,1,14,0,80,5,4,1,1,1,2,1,1,2,0,2,0,0,0,2,1,0,0,0,1,0,0,2,0,0
665,0,2,1,2,0,1,11,2,58,1,2,1,0,0,1,0,0,0,1,1,1,1,2,2,1,0,1,1,0,0,2,0,1,1
666,0,2,1,2,5,0,14,0,3,2,0,1,0,0,0,1,1,3,0,2,0,0,0,0,1,2,0,0,1,0,0,1,0,0
667,0,1,1,2,2,6,3,21,70,1,0,0,0,0,1,1,0,0,1,0,1,1,2,1,0,2,1,1,0,0,1,0,0,0
668,0,1,1,2,6,4,3,21,70,1,0,0,0,0,1,0,0,0,1,0,1,1,2,2,1,2,0,1,1,0,2,1,0,0
669,0,1,1,2,1,5,3,21,70,1,1,0,0,0,0,0,0,2,0,0,1,1,1,2,1,0,2,1,0,0,2,1,0,0
670,0,0,2,2,9,1,7,4,20,1,2,1,0,0,1,0,0,0,1,0,1,1,2,0,0,0,0,1,0,0,1,1,1,1
671,0,1,1,2,7,1,2,10,64,5,0,1,1,1,2,1,1,2,0,1,2,0,0,2,2,0,2,2,1,1,0,2,1,0
672,1,3,1,3,5,0,3,21,70,1,1,0,0,0,0,0,0,2,0,0,1,0,1,1,1,2,1,1,1,1,0,1,1,0
673,0,0,0,2,0,1,0,1,19,0,0,0,0,0,1,0,0,2,1,1,1,1,2,1,0,2,1,1,0,0,1,1,1,1
674,0,0,2,1,7,1,0,11,75,3,2,1,0,1,2,0,0,0,1,0,1,0,0,2,1,1,1,2,0,0,2,1,1,0
675,1,2,1,2,2,6,3,21,70,1,0,0,0,0,0,1,0,3,0,0,1,0,0,2,1,0,2,1,1,0,2,1,0,0
676,0,1,1,2,2,1,1,8,13,1,2,1,1,1,2,0,0,3,0,2,1,1,2,0,1,0,2,2,0,0,2,0,0,1
677,0,1,0,2,7,1,3,21,70,5,0,0,0,1,1,1,0,0,1,0,1,0,1,0,0,0,1,0,1,0,2,1,1,0
678,0,1,1,2,6,4,7,0,3,1,2,1,1,0,0,1,1,2,0,2,0,0,0,1,0,0,1,0,1,0,0,2,0,0
679,1,0,1,2,6,4,3,21,70,5,0,1,0,0,0,0,0,0,0,0,1,1,1,2,2,0,2,2,0,0,2,1,0,0
680,0,1,1,3,1,5,11,15,38,5,1,0,0,0,1,0,0,2,0,2,1,1,1,2,1,0,1,1,1,0,2,1,0,0
681,0,1,1,1,2,1,7,0,34,5,0,0,0,0,0,1,0,2,0,0,1,1,1,0,0,0,0,0,0,0,2,0,0,1
682,1,0,2,1,7,1,3,0,34,5,0,0,0,0,1,0,0,2,1,0,1,1,1,2,1,1,2,2,0,0,2,1,1,0
683,1,2,1,2,2,6,3,21,70,5,1,0,0,0,0,1,0,1,0,0,2,0,1,1,0,0,2,1,1,0,2,1,0,0
684,0,2,1,4,7,1,3,21,70,5,1,0,0,0,0,0,0,1,1,0,1,1,2,0,1,2,2,2,0,0,1,0,1,0
685,1,1,2,2,9,1,3,19,66,5,0,0,0,1,1,0,0,0,1,0,1,1,2,2,1,1,2,2,0,0,1,0,0,1
686,0,0,2,2,7,1,3,11,75,3,3,1,1,1,2,1,1,1,0,2,2,0,1,2,0,1,0,0,1,0,0,2,1,0
687,1,1,2,3,0,1,4,8,13,5,0,1,1,1,2,0,0,0,1,0,1,1,2,2,2,0,2,2,0,1,2,0,1,1
688,1,0,2,1,7,1,3,21,70,5,0,1,0,0,0,0,0,2,1,0,1,1,2,2,1,1,2,2,0,0,1,0,0,0
689,0,1,2,2,1,5,6,10,25,3,1,0,1,0,0,1,1,0,1,0,2,0,1,2,0,0,1,2,1,0,2,1,0,0
690,0,2,2,3,1,5,6,1,15,3,0,0,1,1,2,1,1,0,1,0,2,0,1,2,1,0,1,1,1,0,2,1,0,0
691,0,1,1,1,1,5,3,0,34,3,1,0,0,0,1,0,0,2,1,0,1,1,2,1,0,0,0,2,1,0,1,0,0,0
692,1,2,1,2,7,1,3,21,70,5,0,0,0,0,1,0,0,0,1,0,1,1,2,2,1,0,2,2,0,0,1,2,0,0
693,1,2,1,2,8,1,3,0,68,5,0,1,0,1,1,0,1,1,0,0,2,0,0,2,1,0,1,2,0,0,0,1,1,1
694,0,2,1,2,1,5,3,21,70,5,0,0,1,0,0,0,0,2,0,0,1,0,0,2,1,2,2,1,1,1,0,1,0,0
695,1,2,1,2,7,1,3,0,3,5,0,0,0,0,0,1,0,0,1,0,1,1,0,2,0,0,0,1,0,0,2,0,1,0
696,1,1,1,2,6,4,3,21,70,5,0,0,0,0,0,0,0,2,0,0,1,1,1,0,1,0,2,2,0,0,2,0,0,0
697,1,0,1,2,4,3,3,0,34,3,0,0,0,0,0,0,0,1,0,0,1,1,1,2,2,0,2,2,1,1,2,1,0,0
698,1,2,0,2,4,3,3,0,3,0,0,0,0,0,0,0,0,1,0,2,2,0,0,1,0,2,0,1,1,0,0,2,0,0
699,0,1,1,1,8,1,6,5,1,1,0,1,0,0,0,0,0,2,1,0,1,1,2,2,0,0,0,0,0,0,2,1,0,1
700,0,2,1,2,2,6,3,0,34,3,0,0,0,0,0,1,1,1,0,0,1,0,0,2,0,2,1,1,1,0,2,1,0,0
701,0,2,1,1,3,2,3,21,70,5,0,0,0,0,1,1,0,1,1,0,2,0,1,0,0,0,0,0,0,0,2,1,0,0
702,0,1,1,1,7,1,2,6,3,5,0,0,0,0,0,0,0,1,1,0,1,0,0,2,1,0,0,0,0,0,2,1,0,0
703,1,1,0,2,2,1,3,21,70,5,0,0,0,0,2,0,0,2,0,0,1,1,2,2,0,0,1,2,0,1,1,0,1,1
704,0,0,2,2,0,1,3,21,70,5,0,0,0,0,0,0,0,2,1,1,0,0,0,0,2,1,0,2,1,0,0,2,1,1
705,0,1,2,2,1,5,3,0,3,1,0,0,0,0,0,0,0,0,1,0,1,0,0,1,1,2,1,0,0,0,2,1,0,0
706,0,0,2,1,0,1,3,0,3,1,0,0,0,0,1,0,0,0,1,2,1,1,1,2,1,0,2,2,0,0,1,0,1,1
707,0,2,1,2,6,4,3,21,70,5,2,1,0,0,0,1,1,1,0,0,0,0,0,2,0,2,1,0,1,0,0,2,1,0
708,0,0,2,2,6,4,3,21,70,5,0,1,0,0,0,1,0,2,0,0,2,0,1,2,1,0,1,1,0,0,0,1,0,0
709,0,1,1,2,8,1,3,21,70,5,2,1,0,1,1,0,0,1,0,2,2,1,1,1,1,1,2,2,0,1,2,1,1,1
710,0,1,1,2,6,4,3,21,70,5,2,1,1,0,1,1,0,1,0,0,0,0,0,1,0,2,0,0,1,0,0,2,0,0
711,0,1,1,1,8,1,14,8,13,5,1,1,0,0,1,0,0,1,0,0,1,1,2,1,1,1,2,2,0,0,1,1,1,1
712,0,0,1,2,2,6,3,21,70,5,1,1,1,0,0,1,1,2,0,0,0,0,0,1,0,2,2,0,1,0,2,2,0,0
713,0,0,1,2,0,1,0,8,13,5,2,1,0,1,2,0,0,2,0,0,1,1,2,2,2,1,0,0,0,0,1,1,0,1
714,0,1,1,2,2,6,3,21,70,1,1,0,0,0,0,0,0,1,0,0,1,1,2,0,1,1,2,2,0,0,1,0,0,0
715,0,2,1,2,6,4,3,21,70,5,0,1,0,0,0,0,0,2,0,0,0,0,0,1,0,2,1,1,1,0,0,2,1,0
716,0,2,1,2,1,5,3,21,70,5,2,1,0,0,2,1,1,1,0,0,0,0,0,1,0,0,2,0,1,0,0,1,0,0
717,0,0,2,2,0,1,3,21,70,5,0,0,0,0,0,0,0,0,1,0,1,1,2,2,1,0,1,1,0,0,2,0,0,1
718,0,2,1,2,2,6,3,21,70,5,2,1,0,0,1,1,0,2,0,2,2,0,0,2,0,2,1,0,0,0,0,1,0,0
719,0,1,1,2,6,4,3,0,3,1,0,1,0,0,0,0,0,2,0,0,1,1,1,1,1,0,2,2,0,0,2,1,1,0
720,1,2,1,2,7,1,3,21,71,5,0,0,0,0,0,0,0,2,0,0,2,0,0,2,2,1,1,1,0,0,0,2,1,0
721,0,2,1,2,4,3,3,21,70,5,0,1,1,0,0,1,0,3,0,1,2,0,0,1,0,2,0,0,1,0,0,2,0,0
722,0,2,1,2,2,6,3,21,70,5,2,1,0,0,0,1,0,1,0,0,2,1,0,1,0,2,0,0,0,0,2,1,0,0
723,0,0,1,2,3,2,3,0,3,0,1,0,0,0,0,1,0,2,0,0,1,0,0,1,0,2,1,2,1,0,2,2,0,0
724,1,0,2,2,0,1,2,5,1,5,0,0,1,0,2,0,0,0,1,0,1,1,2,0,1,1,1,2,0,1,1,1,1,1
725,0,2,1,2,6,4,3,21,70,5,2,1,0,0,1,0,0,2,0,0,2,0,1,2,0,0,2,2,0,0,2,1,0,0
726,0,0,1,2,9,1,3,21,70,1,0,1,0,0,0,0,0,2,1,0,1,1,2,1,1,1,2,2,0,0,2,0,0,1
727,0,2,1,2,2,6,3,21,70,5,0,1,0,1,2,1,0,3,0,1,1,1,1,0,1,0,2,2,0,0,2,1,1,0
728,0,0,1,2,3,2,3,21,70,5,0,1,0,1,1,0,0,2,0,0,2,1,0,1,1,2,2,0,1,0,2,1,0,0
729,0,0,2,3,0,1,7,3,61,5,0,0,0,1,2,0,0,0,1,0,1,0,1,2,0,0,2,1,0,0,0,1,0,1
730,0,1,1,2,7,1,3,21,70,5,0,0,1,1,2,0,0,0,1,0,1,0,1,0,2,1,2,2,0,0,1,0,1,0
731,0,2,1,2,7,1,3,21,70,5,1,1,0,0,0,0,0,2,0,0,2,1,0,0,1,0,2,2,0,0,0,1,0,0
732,0,2,1,2,6,4,3,21,70,5,0,0,0,0,0,0,0,0,1,0,1,1,2,0,1,1,2,2,0,1,1,0,1,0
733,0,1,1,2,8,1,1,8,13,5,0,0,0,1,2,0,0,0,1,0,1,1,2,2,2,1,2,2,0,0,1,1,0,1
734,0,2,1,2,6,4,3,21,70,5,1,1,0,0,0,0,0,3,0,2,2,1,2,0,1,0,2,2,0,0,1,0,1,0
735,1,2,1,2,3,2,3,21,70,5,1,0,0,1,1,0,0,2,0,0,2,0,0,2,1,2,1,1,0,0,0,1,1,0
736,1,2,1,2,4,3,3,21,70,5,1,0,1,0,0,1,1,3,0,0,0,0,0,1,1,2,1,0,1,0,0,2,0,0
737,0,0,1,2,3,2,3,21,70,5,0,1,0,0,0,0,0,2,0,0,2,1,0,1,1,0,2,2,0,0,2,1,0,0
738,0,0,1,2,1,5,3,21,70,5,2,1,1,0,0,1,1,2,0,2,0,0,0,1,1,2,0,0,1,0,0,2,0,0
739,1,2,1,2,1,5,3,21,70,5,0,0,0,0,0,1,1,0,1,0,2,0,1,2,0,0,2,2,0,0,2,1,0,0
740,0,2,1,2,3,2,3,21,70,5,2,1,1,0,1,1,1,2,0,0,2,0,0,2,0,0,1,1,1,0,0,1,1,0
741,0,0,2,3,7,1,7,1,42,5,3,1,1,1,2,1,1,0,1,0,2,0,0,2,1,2,0,0,0,1,2,1,0,0
742,0,1,1,3,7,1,7,1,52,5,3,1,0,0,1,0,1,0,1,0,0,0,1,2,1,2,1,2,0,1,2,0,0,0
743,1,1,1,1,6,4,3,0,34,1,3,1,1,1,2,1,1,1,0,0,0,0,0,2,1,0,1,1,1,0,2,1,0,0
744,1,2,1,2,1,5,3,0,34,3,1,1,0,0,0,1,1,1,0,0,2,0,1,2,1,0,2,0,1,1,1,2,0,0
745,1,1,1,1,6,4,3,21,70,5,0,0,1,0,1,0,0,3,0,2,1,0,1,2,0,0,2,2,0,0,2,1,0,0
746,0,0,2,3,7,1,7,3,61,1,2,1,1,1,2,0,0,2,0,2,2,0,0,1,1,1,2,2,1,0,2,1,1,0
747,1,2,0,3,1,5,3,0,34,1,1,1,0,0,1,1,0,3,0,0,0,0,0,1,0,2,1,0,1,0,0,2,0,0
748,0,1,2,2,7,1,14,1,42,5,0,1,0,0,0,0,0,0,1,0,1,1,0,2,0,0,1,1,0,0,2,1,0,0
749,0,0,0,3,7,1,14,1,15,5,2,1,0,0,0,1,1,1,0,0,2,0,1,2,0,2,1,1,1,0,2,1,0,0
750,1,0,2,3,7,1,14,3,51,5,3,1,1,1,2,1,1,3,0,2,0,0,1,1,0,2,1,1,0,0,2,1,1,0
751,0,1,1,3,7,1,14,4,20,5,3,1,1,1,2,1,1,2,0,2,0,0,0,2,2,1,0,0,0,0,0,1,0,0
752,1,0,1,3,6,4,14,8,13,5,3,1,0,0,0,0,0,0,1,0,1,1,2,0,0,1,1,2,0,0,2,0,0,0
753,0,1,0,3,6,4,14,16,73,5,2,0,0,0,0,0,0,0,1,0,1,1,2,0,1,0,1,1,0,1,2,0,0,0
754,1,1,1,2,6,4,14,8,13,1,3,1,1,1,2,1,1,3,0,0,0,0,0,2,1,0,1,0,1,0,0,2,0,0
755,1,1,1,2,1,5,14,0,68,1,3,1,1,1,2,1,1,3,0,2,0,0,0,1,0,2,1,0,1,0,2,2,0,0
756,0,0,2,3,6,4,14,0,34,1,3,1,1,1,2,1,1,3,0,1,0,0,0,1,0,2,1,0,1,0,2,2,0,0
757,0,0,2,3,6,4,14,3,51,1,3,1,1,1,1,1,1,0,1,0,2,1,1,2,0,2,1,1,1,0,2,1,0,0
758,0,1,1,2,6,4,3,21,70,5,0,0,0,0,0,0,0,0,1,0,1,1,2,2,0,0,1,1,0,0,2,0,1,0
759,0,1,1,2,6,4,14,4,20,1,3,1,1,1,2,1,1,2,0,1,0,0,0,2,1,2,1,0,1,1,0,2,0,0
760,0,1,1,2,1,5,14,3,61,1,3,1,1,1,2,1,1,1,0,1,0,0,0,1,1,0,2,2,1,0,2,2,1,0
761,0,1,1,2,7,1,14,17,46,1,3,1,1,1,2,1,1,2,0,0,0,0,0,2,1,0,1,0,1,1,2,1,0,0
762,1,1,1,2,6,4,3,0,3,1,0,1,0,0,0,1,1,3,0,0,2,0,0,1,0,2,1,0,1,0,2,1,0,0
763,0,1,1,2,6,4,14,0,68,1,4,1,1,1,2,1,1,3,0,0,0,0,0,1,0,2,1,0,1,1,2,1,1,0
764,1,1,1,2,6,4,11,15,38,5,4,1,1,1,2,1,1,1,0,0,0,0,0,1,1,0,0,2,1,1,2,1,1,0
765,0,0,1,2,6,4,14,4,20,1,4,1,1,1,2,1,1,0,0,0,0,0,0,2,1,0,0,0,1,0,2,2,0,0
766,0,1,1,2,2,6,14,8,13,1,3,1,1,1,2,1,1,2,0,0,0,0,0,2,1,0,0,1,1,1,2,1,0,0
767,1,0,1,2,6,4,14,8,57,1,4,1,1,1,2,1,1,3,0,0,0,0,0,1,0,2,1,0,1,0,2,2,1,0
768,1,0,2,3,7,1,14,10,12,1,4,1,1,1,2,1,1,2,0,0,0,0,0,2,1,0,2,0,1,0,2,1,0,0
769,0,0,1,2,6,4,11,15,38,5,3,1,1,1,0,1,1,2,0,0,0,0,0,2,0,2,1,1,1,0,2,2,0,0
770,0,1,1,1,6,4,3,21,70,5,0,1,1,0,0,1,1,3,0,0,2,0,0,0,0,2,1,0,1,0,2,2,0,0
771,1,0,2,2,7,1,11,8,57,1,0,0,0,0,0,1,1,0,1,0,2,0,0,2,1,0,0,0,0,0,1,0,0,0
772,1,0,1,2,6,4,11,24,38,5,4,1,1,1,2,1,1,3,0,0,0,0,0,2,1,0,0,0,1,0,2,2,1,0
773,1,1,1,1,6,4,3,0,3,1,0,1,0,0,0,1,1,3,0,0,2,0,0,2,1,0,0,0,1,1,0,2,0,0
774,0,0,1,2,7,1,11,0,3,1,3,1,1,1,2,1,1,3,0,2,0,0,0,2,1,0,0,1,1,0,0,2,0,0
775,1,0,2,2,7,1,3,21,70,5,0,0,0,0,0,1,0,3,0,0,2,0,0,2,2,0,2,0,1,0,0,2,0,0
776,0,0,1,4,6,4,11,24,17,3,3,1,1,1,2,1,1,3,0,0,2,0,1,2,1,2,0,1,1,0,2,2,0,0
777,1,1,1,2,6,4,3,0,3,1,0,1,1,0,1,1,1,2,0,0,2,0,0,0,1,2,0,0,1,0,2,2,0,0
778,0,0,2,2,6,4,11,24,38,5,3,1,1,0,0,1,0,3,0,2,2,0,0,1,2,1,0,1,1,0,2,2,0,0
779,1,0,2,2,7,1,3,5,1,1,0,1,0,0,0,0,0,0,1,0,1,1,2,2,1,0,0,0,0,0,1,0,0,0
780,0,1,1,2,7,1,5,8,57,1,0,0,0,0,0,0,0,0,1,0,1,0,1,2,1,2,1,1,0,1,2,0,0,0
781,0,1,2,3,7,1,5,4,75,5,3,1,0,0,0,0,0,2,0,0,1,1,2,2,1,1,0,1,0,0,2,0,0,0
782,0,0,1,2,6,4,14,2,59,1,3,1,1,1,2,1,1,3,0,1,0,0,0,1,0,2,1,0,1,0,2,2,0,0
783,0,1,1,2,6,4,14,2,59,1,4,1,1,1,2,1,1,2,0,0,0,0,0,1,2,0,0,0,1,0,2,2,1,0
784,0,1,0,2,1,5,14,3,51,1,4,1,1,1,2,0,1,0,0,0,1,0,1,2,0,0,0,0,0,0,2,1,0,0
785,0,1,1,1,7,1,14,11,75,1,4,1,1,1,2,1,1,3,0,1,0,0,0,2,1,0,0,0,1,0,2,1,1,0
786,0,1,1,1,6,4,14,5,1,3,4,1,1,1,2,1,1,3,0,1,0,0,0,1,1,0,0,0,1,0,2,2,0,0
787,0,1,1,1,6,4,14,4,19,3,4,1,1,1,2,1,1,3,0,2,2,0,1,0,1,0,0,0,1,0,2,2,0,0
788,0,1,1,1,6,4,14,0,3,0,4,1,1,1,2,1,1,3,0,2,0,0,1,2,1,2,2,0,1,0,2,2,1,0
789,1,0,1,1,7,1,11,24,38,5,3,1,1,1,2,1,1,3,0,2,0,0,1,2,0,0,1,1,1,0,1,2,0,0
790,1,0,2,2,7,1,11,8,57,5,0,0,0,0,0,0,0,0,1,0,1,1,2,2,1,1,0,1,0,0,2,0,0,0
791,1,0,1,2,6,4,3,0,3,1,0,0,0,0,1,1,1,1,0,0,0,0,0,2,1,0,1,1,1,0,2,1,0,0
792,1,1,2,2,7,1,3,21,70,1,0,0,0,0,0,1,1,0,1,0,2,1,1,2,0,0,0,1,1,0,2,1,0,0
793,1,0,2,2,7,1,3,21,70,1,0,0,0,0,0,1,1,0,1,0,1,1,2,2,1,2,0,1,0,0,2,0,0,0
794,1,0,1,2,6,4,3,21,70,1,0,0,0,0,0,1,1,0,1,0,0,0,1,1,1,2,1,1,1,0,2,1,0,0
795,1,0,1,1,6,4,6,3,61,1,0,0,0,0,0,0,0,0,1,0,2,0,0,1,2,0,1,0,1,0,2,1,0,0
796,0,1,1,2,6,4,3,0,3,1,0,1,0,0,0,1,1,3,0,0,0,0,0,2,1,0,0,0,1,0,2,2,0,0
797,1,0,2,2,6,4,11,5,1,5,0,1,0,0,0,0,0,0,1,0,1,1,2,2,1,0,1,1,0,0,1,0,0,0
798,0,0,1,2,7,1,3,21,70,1,0,0,0,0,0,1,0,0,1,0,2,0,2,1,0,2,1,1,1,0,2,2,0,0
799,1,0,1,1,6,4,3,0,3,1,0,0,0,0,0,1,1,0,1,0,0,0,1,2,1,2,1,1,1,0,2,2,0,0
800,1,1,1,1,7,1,11,8,57,1,0,1,0,0,0,0,0,0,1,0,1,1,2,0,1,1,1,2,0,0,1,0,0,0
801,1,1,2,1,6,4,3,21,70,1,0,0,0,0,0,1,1,0,0,0,0,0,0,2,1,0,1,1,1,0,2,1,0,0
802,1,1,1,2,6,4,3,21,70,1,0,1,0,0,0,0,1,0,1,0,0,0,0,2,1,0,1,1,1,0,2,2,0,0
803,1,0,2,2,7,1,3,21,70,1,0,1,0,0,0,1,1,1,0,0,2,0,0,2,0,2,1,1,1,0,0,2,0,0
804,0,1,1,1,6,4,3,21,70,1,0,1,0,0,0,1,1,3,0,0,0,0,0,2,1,0,1,0,1,0,2,1,0,0
805,1,0,2,2,7,1,3,21,70,1,0,1,0,0,0,1,1,0,1,0,0,0,0,2,1,1,0,1,1,1,2,2,1,0
806,0,1,1,1,6,4,11,15,17,1,4,1,1,1,2,1,1,3,0,0,0,0,0,2,1,0,0,0,1,0,2,2,0,0
807,0,1,1,1,6,4,11,15,38,1,4,1,1,1,2,1,1,3,0,0,0,0,0,2,2,0,1,1,1,1,2,2,0,0
808,0,0,1,4,2,6,11,15,17,0,4,1,1,1,2,1,1,3,0,0,0,0,0,1,0,0,0,1,1,0,0,2,0,0
809,1,0,2,3,7,1,11,8,57,5,0,0,0,0,0,0,0,0,1,0,2,1,1,0,1,0,1,2,0,0,2,0,0,0
810,0,1,1,1,6,4,11,15,38,1,3,1,1,1,2,1,1,1,0,0,0,0,1,2,1,0,0,0,1,0,2,2,0,0
811,1,1,1,2,6,4,11,3,62,1,2,1,0,1,1,1,1,1,0,2,2,1,0,2,1,1,0,0,1,0,2,1,0,0
812,0,0,1,2,6,4,3,0,3,1,0,1,0,0,0,1,1,3,0,0,2,0,0,1,0,2,1,1,1,0,0,2,0,0
813,1,0,2,2,6,4,3,21,70,1,0,1,0,0,0,1,1,3,0,0,0,0,1,2,0,2,1,1,1,0,1,2,0,0
814,0,1,1,3,6,4,5,0,3,1,3,1,0,0,1,1,1,2,0,0,0,0,0,2,0,0,1,1,1,0,0,1,0,0
815,1,0,2,3,7,1,11,8,57,5,0,1,0,0,0,1,1,0,0,0,0,0,1,2,1,0,1,1,1,0,2,1,0,0
816,0,1,0,3,6,4,1,19,66,5,0,0,0,0,0,0,0,0,1,0,1,0,1,2,1,0,2,2,0,0,2,0,0,0
817,1,0,1,2,1,5,3,21,70,1,0,1,1,1,1,1,1,1,0,0,0,0,0,2,1,0,1,0,1,1,2,1,1,0
818,1,0,1,1,6,4,11,15,38,5,3,0,0,0,0,1,0,3,0,0,0,0,0,2,1,0,0,0,0,0,2,1,0,0
819,1,0,2,3,6,4,3,0,34,1,4,1,1,1,2,1,1,1,0,0,0,0,0,2,1,0,0,1,1,0,2,2,0,0
820,0,1,1,2,1,5,6,2,58,3,4,1,1,0,0,1,1,0,0,0,0,0,0,2,2,0,1,2,1,0,0,2,1,0
821,0,0,2,2,0,1,11,1,42,1,2,1,0,1,1,0,0,2,0,0,2,1,0,2,2,2,1,1,0,0,1,0,1,1
822,0,2,1,2,3,1,0,0,3,2,2,1,1,1,2,1,1,1,0,1,0,0,0,1,0,2,0,0,0,0,0,2,0,1
823,0,1,2,2,6,4,1,8,75,3,4,1,1,1,2,1,1,3,0,1,0,0,0,1,1,0,0,1,1,0,0,2,0,0
824,0,1,1,2,8,4,8,9,50,4,4,1,1,1,2,0,0,1,0,2,1,1,1,2,1,0,1,1,0,0,2,1,1,1
825,0,2,1,2,3,5,1,8,13,0,2,1,0,0,0,0,1,2,0,2,1,0,1,2,0,2,2,1,0,0,2,1,0,1
826,0,1,1,2,9,1,8,1,41,3,2,1,1,1,2,0,0,2,0,1,2,0,0,2,1,1,2,2,1,0,2,2,1,1
827,0,0,2,2,7,1,1,1,49,3,4,1,1,1,2,1,0,2,1,2,2,0,1,2,1,0,2,2,1,0,2,0,0,0
828,0,0,2,2,9,4,14,1,43,1,2,1,1,1,2,0,0,2,0,1,2,0,0,1,2,1,2,2,0,0,2,1,1,1
829,1,0,1,2,7,1,3,21,70,5,0,0,0,0,0,0,0,0,1,0,2,0,0,2,1,0,2,2,0,0,0,1,1,0
830,1,0,1,2,6,4,3,21,70,5,0,0,0,0,0,0,0,2,1,0,0,1,0,1,1,1,2,1,0,0,1,0,1,0
831,1,0,2,1,7,1,3,21,71,5,0,1,1,0,0,0,0,2,0,0,1,1,2,2,0,0,1,1,0,0,0,0,0,0
833,1,1,1,2,6,4,6,0,3,3,4,1,1,1,2,1,1,2,0,1,0,0,0,0,1,0,1,1,1,0,2,1,0,0
834,1,2,1,1,1,5,5,5,1,1,3,1,1,1,1,1,1,2,0,2,2,0,0,2,1,0,1,0,1,0,2,1,1,0
835,0,0,1,2,7,1,11,8,57,1,0,0,0,0,0,0,0,0,1,0,1,1,2,1,1,0,1,2,0,0,1,0,1,0
836,1,0,1,2,6,4,0,6,65,1,2,1,1,0,0,1,1,1,1,2,2,0,1,2,1,0,1,1,0,0,1,1,0,0
837,0,0,0,2,0,1,11,8,57,5,1,0,0,0,0,0,0,0,1,0,2,1,2,1,0,2,1,1,0,0,2,1,0,1
838,1,0,2,3,7,1,5,5,1,1,0,0,0,0,0,0,0,0,1,0,1,1,2,1,0,2,1,1,0,0,1,1,0,0
839,1,2,1,1,7,1,3,0,3,3,0,1,0,0,0,1,1,3,0,0,0,0,0,1,1,0,0,0,1,1,2,2,1,0
840,1,1,1,2,7,1,11,10,12,1,0,0,0,0,0,0,0,3,1,0,1,1,2,2,1,0,0,0,1,0,2,1,1,0
841,1,0,2,3,7,1,3,0,34,5,0,0,0,0,0,0,0,0,1,0,1,1,2,2,1,0,0,0,0,0,1,0,0,0
842,1,0,1,3,7,1,1,8,13,5,0,0,0,0,0,0,0,3,1,0,1,0,1,2,0,2,0,0,0,0,2,0,0,0
843,1,0,2,3,7,1,11,1,42,5,0,0,0,0,0,0,0,0,1,0,1,1,2,1,0,0,1,1,0,1,1,0,0,0
844,1,1,1,2,6,4,3,21,70,1,0,0,0,0,0,1,0,3,0,0,0,0,0,2,1,0,1,1,1,0,2,1,0,0
845,1,1,1,1,6,4,14,0,3,3,0,0,0,0,0,1,1,3,0,0,2,0,1,2,1,0,1,1,1,0,1,1,0,0
846,1,1,1,2,8,1,3,21,70,1,0,0,0,0,0,0,0,3,0,0,2,0,2,2,1,0,1,1,1,0,2,1,0,1
847,1,0,1,2,7,1,3,21,70,1,0,0,0,0,0,1,1,3,0,0,1,1,2,2,0,2,0,0,0,1,2,0,0,0
848,0,1,1,2,6,4,3,21,70,1,0,1,0,1,2,1,1,3,0,0,0,0,0,2,1,0,0,1,1,1,0,2,1,0
849,1,0,2,2,7,1,3,21,70,5,0,1,1,0,0,0,1,0,1,0,1,1,1,0,1,1,2,2,0,0,1,0,0,0
850,0,0,2,2,7,1,3,21,70,1,2,1,1,1,2,1,1,3,0,0,0,0,0,2,1,0,1,1,1,0,0,2,0,0
851,1,2,1,2,6,4,11,15,38,1,3,1,1,1,2,1,1,3,0,0,0,0,0,1,1,2,1,0,1,1,0,2,1,0
852,0,1,1,1,7,1,11,15,38,1,4,1,1,1,2,1,1,3,0,2,0,0,0,0,1,0,1,1,1,1,0,2,1,0
853,0,1,1,1,6,4,3,21,70,1,4,1,1,1,2,1,1,3,0,0,0,0,0,2,1,0,0,0,1,0,2,2,1,0
854,0,1,1,1,6,4,3,21,70,1,2,1,1,1,2,1,1,3,0,0,0,0,0,2,1,0,0,1,1,0,2,2,0,0
855,1,1,1,2,6,4,3,0,3,3,4,1,1,1,2,1,1,3,0,0,0,0,0,2,1,0,1,1,1,0,0,2,0,0
856,1,1,1,1,6,4,3,0,3,3,3,1,1,0,0,1,1,3,0,0,0,0,1,2,1,0,0,0,0,0,2,1,1,0
857,1,1,1,2,6,4,11,8,57,1,1,0,0,0,0,0,0,3,1,0,1,1,2,2,2,0,1,2,0,0,2,0,1,0
858,1,0,0,1,6,4,11,0,3,3,3,1,1,1,2,1,1,3,0,0,0,0,0,2,1,0,1,2,0,1,2,2,1,0
859,1,0,1,2,7,1,3,21,70,1,0,0,0,0,0,1,1,3,0,0,2,0,0,2,2,1,2,2,1,0,0,1,1,0
860,1,1,1,1,6,4,3,21,70,1,0,0,0,0,0,1,0,2,0,0,1,0,1,2,1,0,1,1,1,0,2,1,0,0
861,1,1,1,2,6,4,3,21,70,1,0,0,0,0,0,0,1,3,0,0,1,0,0,2,1,0,0,0,0,0,2,1,0,0
862,1,1,1,2,7,1,3,21,70,1,0,0,0,0,0,0,0,0,1,0,1,0,2,2,1,0,0,0,0,0,2,2,1,0
863,1,1,1,2,6,4,11,18,12,1,0,0,0,0,0,0,0,1,1,0,1,0,0,0,1,0,1,1,0,0,2,1,0,0
864,1,1,1,1,7,1,11,0,3,3,0,0,0,0,1,1,1,3,1,0,1,1,1,2,0,0,0,1,1,1,2,1,0,0
865,1,0,2,2,7,1,3,21,70,1,0,0,0,0,0,0,0,3,1,0,1,0,1,2,1,0,0,0,0,0,2,2,0,0
867,1,0,2,3,6,4,3,0,76,1,0,1,0,0,0,1,1,3,0,0,0,0,0,2,1,0,0,1,1,1,0,2,1,0
868,0,0,2,2,7,1,11,15,38,5,0,1,1,0,2,1,1,1,0,0,0,0,0,2,1,0,2,0,1,1,0,2,0,0
869,1,1,1,2,6,4,3,0,3,3,0,1,0,0,1,1,1,3,0,0,0,0,0,2,1,0,0,0,1,0,0,2,0,0
870,0,1,1,2,6,4,3,0,3,1,0,1,0,1,2,1,1,0,0,0,0,0,1,2,2,1,0,1,1,0,2,1,0,0
871,0,1,1,2,6,4,11,15,38,1,3,1,1,1,2,1,1,1,0,2,0,0,0,1,2,0,2,0,1,1,0,1,1,0
872,0,0,2,3,7,1,11,8,57,1,0,1,0,1,2,1,1,1,0,0,0,0,0,2,1,0,0,0,1,0,2,1,0,0
873,1,0,2,3,7,1,11,8,57,1,0,1,1,0,1,1,1,3,0,0,0,1,1,2,1,0,0,0,0,0,2,1,0,0
874,1,1,1,2,6,4,3,4,75,1,0,1,0,1,2,1,1,3,0,0,0,0,0,1,1,0,1,1,1,0,2,1,1,0
875,1,2,1,1,6,4,11,15,38,1,3,1,1,1,2,1,1,3,0,0,0,0,0,2,1,0,1,1,1,0,2,1,1,0
876,1,1,1,2,7,1,11,8,38,5,3,1,1,1,2,1,1,1,0,0,0,0,1,2,1,0,2,0,1,1,0,1,1,0
877,1,0,1,2,6,4,3,21,70,1,0,1,1,1,2,1,1,3,0,2,0,0,1,2,1,0,0,0,1,0,2,1,0,0
878,1,1,1,2,7,1,3,0,34,1,0,0,0,0,0,0,0,0,1,0,1,1,2,0,2,0,2,2,0,0,1,0,0,0
879,1,1,1,2,0,1,11,0,3,3,3,1,1,1,2,1,1,3,0,1,2,1,1,0,1,1,2,2,0,1,2,0,0,1
880,1,0,2,3,0,1,3,0,34,5,0,0,0,1,1,0,0,0,1,0,2,1,1,0,2,1,2,2,0,0,1,0,0,1
881,1,1,1,2,6,4,3,21,70,1,0,0,0,0,0,0,0,0,1,0,1,1,2,0,0,0,1,2,0,0,1,0,0,0
882,1,1,1,2,0,1,3,21,70,5,0,1,1,1,2,1,1,0,1,0,2,0,1,2,1,0,1,1,0,1,2,0,0,1
883,0,0,2,2,7,1,3,21,70,5,0,1,1,1,2,1,1,3,0,0,0,0,0,2,1,0,0,0,1,1,0,2,1,0
884,0,1,1,1,6,4,11,15,38,1,4,1,1,1,2,1,1,3,0,0,0,0,0,2,1,0,0,0,1,0,0,2,0,0
885,1,2,1,2,1,5,3,0,3,3,2,1,1,1,2,1,1,3,0,2,0,0,0,2,1,0,0,0,1,0,2,1,1,0
886,0,1,1,2,6,4,3,21,70,1,4,1,1,1,1,1,1,3,0,2,0,0,0,2,1,0,0,0,1,1,2,1,1,0
887,1,0,2,2,7,1,3,21,70,1,4,1,1,1,2,1,1,3,0,0,0,0,1,2,1,0,0,0,1,1,0,2,1,0
888,0,0,2,2,7,1,6,8,57,1,0,1,0,0,0,1,0,0,1,0,2,0,1,2,0,0,1,0,1,0,0,1,0,0
889,0,1,1,2,9,4,11,15,38,5,0,1,1,1,2,0,0,0,1,0,2,1,1,2,1,0,0,2,0,0,2,0,0,1
890,1,0,2,2,7,1,4,8,13,5,0,0,1,0,0,0,0,0,1,0,2,0,1,2,1,0,1,2,1,0,0,1,1,0
891,1,0,2,2,0,1,7,8,13,5,0,1,0,1,1,0,0,2,0,0,2,1,1,2,1,1,2,2,0,0,2,0,1,1
892,0,0,2,3,0,1,10,3,63,5,0,1,1,1,2,1,1,2,0,1,0,1,1,2,1,1,2,2,1,1,0,2,1,1
893,0,0,2,3,0,1,14,8,57,5,1,1,0,1,1,0,0,0,1,0,2,0,0,1,1,0,1,0,0,0,2,2,0,1
894,1,0,1,3,9,1,2,3,4,1,1,1,1,1,1,1,0,2,0,0,0,0,0,2,1,2,1,2,0,1,0,1,1,1
895,1,0,2,2,7,1,2,3,62,5,0,1,1,1,2,0,0,2,0,0,1,1,2,1,0,1,2,2,0,1,1,0,0,0
896,1,0,2,2,9,1,10,2,58,1,3,1,1,1,2,1,0,0,1,1,2,1,1,2,1,0,2,2,0,0,2,1,1,1
897,0,0,1,2,9,1,6,19,66,5,2,1,0,0,1,0,0,1,1,0,2,1,1,0,1,0,0,0,1,0,2,1,1,1
898,0,1,0,1,0,1,11,1,3,1,2,1,0,1,1,0,0,2,1,0,2,1,1,2,1,0,2,2,1,1,2,1,1,1
899,1,0,2,3,0,1,1,8,13,5,0,0,1,1,1,1,1,1,0,0,0,0,1,2,1,1,2,1,1,0,0,2,1,1
900,0,0,2,3,0,1,0,8,13,1,3,1,0,1,2,1,1,2,0,0,1,1,2,0,1,0,2,2,1,1,2,0,1,1
901,1,1,1,3,6,4,2,3,62,5,2,1,0,0,1,0,0,0,1,0,1,1,0,1,2,0,0,2,0,1,1,0,0,0
902,1,1,2,2,9,1,7,3,61,5,3,1,1,1,2,0,0,2,0,0,0,0,0,1,0,2,1,0,0,0,1,0,1,1
903,1,1,2,2,7,1,7,3,63,5,2,1,1,0,0,0,0,1,0,0,1,0,0,1,1,1,2,2,0,0,2,1,1,0
904,1,0,2,3,7,1,7,3,63,5,2,1,1,1,2,1,0,1,0,0,2,0,1,2,0,0,2,1,1,0,2,1,0,0
905,1,0,2,2,7,1,3,0,34,1,1,0,1,1,2,1,1,2,0,2,0,0,0,1,1,0,1,0,1,0,0,2,0,0
906,1,0,2,3,7,1,2,3,62,5,1,1,1,1,2,0,0,0,0,0,1,1,2,2,2,0,2,2,0,0,1,0,0,0
907,1,0,2,3,7,1,6,5,21,5,0,1,1,1,2,0,0,2,0,2,2,0,1,1,1,2,1,1,0,0,2,1,1,0
908,1,1,0,3,6,4,7,3,63,5,1,1,1,1,2,0,0,2,1,0,2,1,1,2,1,0,2,2,0,0,2,0,0,0
909,1,0,2,3,0,1,7,3,62,5,0,1,0,0,1,0,0,2,0,0,2,1,1,2,1,0,2,1,0,0,2,0,0,1
910,1,1,2,3,0,1,2,5,1,5,0,0,0,1,2,0,0,0,1,0,1,1,1,2,1,0,2,2,0,0,2,0,0,1
911,1,0,2,3,6,4,7,3,62,5,2,1,1,1,2,0,1,1,0,0,2,0,1,2,1,0,2,2,0,0,1,1,1,0
912,0,0,2,3,7,1,3,22,71,1,3,1,1,0,1,1,0,1,0,2,2,0,0,2,2,2,2,0,1,0,0,2,1,0
913,1,0,2,3,9,4,7,3,61,1,3,1,1,1,2,1,1,2,0,2,2,0,1,2,1,0,2,2,1,0,2,2,1,1
914,1,0,2,2,0,1,7,3,62,5,0,1,1,0,0,1,0,0,1,0,2,0,1,2,1,0,1,1,0,0,2,1,1,1
915,1,1,1,3,7,1,7,3,3,5,0,0,0,1,2,1,1,0,1,0,1,1,2,2,0,0,1,1,1,0,2,1,0,0
916,0,1,2,2,9,1,4,1,9,5,0,0,0,0,1,0,0,0,1,0,1,1,2,2,1,2,2,1,0,0,1,0,0,1
917,1,2,1,2,3,4,3,21,70,5,2,1,0,0,0,0,0,0,1,0,0,0,1,2,1,0,2,2,1,0,2,1,1,1
918,0,0,2,3,9,1,3,8,13,5,0,0,0,0,0,0,0,0,1,0,1,1,2,0,0,1,1,2,0,1,1,0,0,1
919,0,1,1,3,7,1,6,5,21,5,0,0,0,0,0,0,0,0,1,0,2,0,1,2,1,0,1,0,0,0,2,1,1,0
920,1,0,2,2,0,1,1,8,13,1,0,1,0,0,0,0,0,2,0,0,0,0,1,2,0,0,0,0,0,0,2,1,1,1
921,0,1,1,2,9,4,11,10,25,3,2,1,1,1,2,1,1,2,0,2,2,0,0,2,2,0,0,0,0,0,2,1,1,1
922,0,0,2,3,7,1,2,2,59,1,0,1,0,0,0,0,0,1,0,0,2,0,1,2,2,0,0,1,0,0,2,1,0,0
923,0,1,1,1,9,4,3,21,33,3,1,0,0,0,0,1,1,1,0,0,2,1,1,2,1,0,0,0,1,1,2,1,0,1
924,0,1,1,2,9,4,1,3,61,1,2,1,0,1,1,0,0,1,1,0,2,1,1,2,1,1,0,0,0,0,2,1,1,1
925,1,1,1,2,9,4,2,0,34,1,1,1,1,0,0,1,1,2,0,0,2,0,1,2,2,0,0,0,1,0,2,1,1,1
926,1,0,2,3,0,1,1,8,13,1,0,1,1,1,2,0,0,2,0,0,2,1,2,0,1,0,0,0,0,0,2,1,0,1
927,0,1,1,2,9,4,6,0,2,3,2,1,1,0,0,1,1,1,0,2,2,0,0,1,2,0,0,1,1,1,0,1,1,1
928,1,0,1,2,9,1,7,0,36,1,1,1,1,0,0,1,1,2,0,0,2,0,0,2,0,0,0,1,0,0,2,1,1,1
929,0,1,1,1,9,4,0,5,1,1,1,1,1,0,0,1,0,2,0,0,0,0,0,2,1,0,0,1,0,0,2,1,0,1
930,1,1,1,2,6,4,3,21,70,1,0,0,0,0,0,1,1,3,0,0,0,0,0,2,0,0,0,1,1,0,0,1,0,0
931,1,0,2,2,9,1,3,21,70,1,0,0,0,0,0,0,0,0,1,0,1,1,2,0,0,2,1,1,0,0,2,0,1,1
932,0,1,1,1,6,4,11,15,38,5,3,1,1,1,2,1,1,1,0,2,0,0,0,2,1,0,0,0,1,0,2,1,1,0
933,0,0,2,3,9,4,0,19,66,5,0,0,0,0,0,0,0,0,1,0,1,1,2,0,0,2,1,1,0,0,1,0,0,1
934,1,1,1,1,7,1,11,15,77,3,2,1,0,1,2,1,1,3,0,2,0,0,0,2,1,0,0,0,1,0,0,1,1,0
935,1,0,1,2,9,1,3,21,70,1,0,0,0,0,1,0,0,0,1,0,1,1,2,2,1,0,1,1,0,0,1,0,0,1
936,0,1,1,1,1,5,6,0,3,0,3,1,1,1,2,1,1,3,0,1,0,0,0,2,1,0,0,0,1,0,0,2,0,0
937,1,1,1,2,6,4,3,0,3,3,2,1,1,1,2,1,1,3,0,2,0,0,0,2,1,0,1,0,1,0,2,2,0,0
938,0,1,1,2,1,5,3,21,70,1,0,1,1,1,2,1,1,3,0,0,0,0,0,2,1,0,0,1,1,0,2,2,1,0
939,1,0,2,2,9,1,11,8,57,5,1,1,1,1,2,1,1,3,0,0,0,0,1,2,1,0,1,1,1,0,2,1,0,1
940,1,0,2,2,6,4,11,15,38,5,2,0,0,0,0,0,0,0,1,0,1,1,2,2,0,0,1,2,0,0,1,0,0,0
941,1,0,2,3,0,1,11,8,57,5,0,0,0,0,0,0,0,0,1,0,1,1,1,2,1,0,1,1,0,0,2,0,0,1
942,1,1,1,2,6,4,3,21,70,1,0,1,1,0,0,1,1,3,0,0,2,1,1,2,1,0,0,1,1,0,2,1,0,0
943,0,1,2,1,6,4,11,15,38,5,3,0,0,0,0,0,1,0,1,0,2,0,1,0,1,1,0,0,1,0,0,1,0,0
944,1,0,1,2,7,1,11,15,68,3,2,1,0,1,0,1,1,0,0,2,0,0,0,2,1,0,1,1,1,1,0,2,1,0
945,1,0,1,2,0,1,11,8,57,5,0,0,0,0,0,0,0,0,1,0,1,1,2,2,0,2,1,2,0,0,1,0,0,1
946,1,0,1,2,7,1,11,10,12,5,0,0,0,0,0,0,0,0,1,0,1,0,0,2,1,0,0,0,0,0,2,1,0,0
947,1,0,2,3,9,1,3,0,34,5,0,0,0,0,0,0,0,0,1,0,1,1,2,0,1,0,1,1,0,0,1,0,0,1
948,1,1,1,2,6,4,3,21,70,1,0,1,0,0,0,0,1,0,0,0,1,0,1,2,1,0,0,0,1,0,2,1,0,0
949,1,1,1,2,7,1,3,21,70,1,0,0,0,0,0,0,0,0,1,0,1,1,2,2,0,2,1,2,0,0,1,0,0,0
950,0,0,2,3,9,1,11,2,59,5,0,0,0,0,0,0,0,0,1,0,1,1,2,2,1,0,0,0,0,0,2,0,0,1
951,0,0,2,3,9,1,1,8,13,5,0,0,0,0,0,0,0,0,1,0,1,1,2,2,1,0,1,0,0,0,2,0,0,1
952,0,0,2,2,9,1,11,2,59,1,1,1,1,1,2,1,1,2,0,0,0,0,0,0,2,1,2,2,1,1,0,1,1,1
953,0,1,1,2,9,4,0,1,19,3,1,1,1,0,0,0,0,2,0,0,2,0,1,2,1,0,0,1,0,1,2,1,1,1
954,1,0,2,2,0,1,11,8,13,1,0,1,1,0,0,1,0,2,0,0,1,0,1,0,1,0,0,1,0,0,2,1,1,1
955,0,1,1,2,8,4,6,0,22,0,1,1,1,1,2,1,1,2,0,1,0,0,0,1,2,1,2,2,1,1,0,2,1,1
956,1,0,2,2,9,4,2,10,27,3,1,1,1,1,2,1,0,0,1,0,2,0,1,2,2,1,2,2,1,0,2,1,1,1
957,0,0,2,3,0,1,1,1,42,1,0,1,1,0,0,1,1,2,1,0,2,0,1,2,1,0,0,0,1,1,2,1,1,1
958,0,1,1,2,9,4,11,0,3,3,1,1,1,1,2,1,0,1,0,0,0,0,0,2,1,0,0,0,0,0,2,1,1,1
959,1,0,2,2,0,1,0,5,1,1,0,1,1,0,0,0,0,2,0,0,2,0,1,2,1,1,0,0,0,0,2,1,1,1
960,0,2,1,2,8,5,2,0,3,3,0,1,1,1,2,1,1,1,0,1,2,0,1,2,1,0,0,0,1,1,2,1,1,1
961,1,0,1,2,9,4,1,3,61,1,0,1,1,1,2,1,0,2,0,0,2,0,2,0,1,0,0,1,1,0,2,1,1,1
962,0,1,2,2,9,4,6,0,22,3,1,1,1,1,2,1,1,2,0,2,0,0,0,2,1,1,2,1,1,1,2,2,1,1
963,0,0,2,2,0,1,11,8,13,1,0,1,0,0,0,0,0,2,0,0,2,1,1,0,2,1,2,2,0,1,1,1,1,1
964,1,0,2,2,9,4,7,5,1,1,0,1,0,0,0,0,0,1,0,0,0,1,1,2,2,0,2,2,1,0,2,1,0,1
965,1,1,1,2,9,4,2,0,36,1,0,1,1,1,2,1,1,2,0,2,2,0,0,2,1,0,0,0,1,1,2,1,1,1
966,0,1,2,1,9,4,6,5,2,3,1,1,1,0,0,1,1,3,0,2,2,0,0,2,2,0,0,0,1,0,2,1,1,1
967,0,1,1,2,9,4,7,10,27,3,0,1,0,0,0,1,0,2,0,0,2,0,1,2,1,0,0,0,0,0,2,1,1,1
968,1,0,2,2,0,1,11,4,75,1,0,1,0,0,0,0,0,2,0,0,2,0,1,2,1,0,0,0,0,0,2,1,1,1
969,0,1,1,1,9,4,3,21,33,3,1,1,1,0,0,1,1,2,0,0,2,0,1,2,2,0,0,1,1,0,2,1,1,1
970,0,0,2,2,0,1,5,3,61,1,0,1,1,1,1,0,0,2,1,2,2,0,2,2,0,0,0,1,0,0,2,1,0,1
971,1,0,2,1,9,4,1,2,59,1,0,1,1,1,2,1,1,2,0,0,0,0,1,2,1,1,0,2,1,1,2,1,1,1
972,1,1,1,2,9,4,10,0,3,3,1,1,1,1,2,1,1,2,0,1,0,0,1,1,2,1,0,1,1,1,0,2,1,1
973,0,1,1,2,9,1,0,10,27,3,0,1,1,1,2,1,1,2,0,2,2,0,1,2,0,0,0,1,1,0,2,1,1,1
974,0,1,1,2,9,1,6,0,22,0,1,1,1,0,0,1,1,1,0,2,2,0,1,2,0,1,0,2,1,1,2,1,1,1
975,1,0,1,2,9,1,7,10,27,3,1,1,1,1,2,1,1,2,0,0,0,0,1,2,0,0,1,1,1,0,0,2,1,1
976,1,0,1,2,9,1,14,1,51,3,0,1,1,1,2,1,1,2,0,2,2,0,1,2,1,0,0,1,1,1,0,1,1,1
977,0,0,1,2,6,4,0,1,42,1,2,1,1,1,2,1,1,3,0,0,0,0,0,2,1,2,1,0,1,0,0,2,1,0
978,1,1,1,2,6,4,3,21,70,1,0,0,0,0,0,1,1,3,0,0,0,0,0,2,1,0,1,1,1,0,2,1,0,0
979,1,1,1,2,7,1,11,15,38,5,3,0,1,1,0,1,1,3,0,0,0,0,0,2,1,0,1,1,1,0,2,1,0,0
980,0,1,1,2,6,4,11,0,68,1,2,1,1,1,2,1,1,3,0,2,0,0,0,2,1,0,0,0,1,1,0,1,1,0
981,1,1,1,2,6,4,3,21,70,1,0,1,1,1,2,1,1,3,0,2,0,0,0,2,1,0,1,1,1,1,0,1,1,0
982,1,1,1,2,6,4,3,21,70,1,0,1,1,0,1,1,1,3,0,2,2,1,1,2,1,0,0,0,1,1,2,0,1,0
983,1,1,1,1,9,1,6,25,15,1,2,1,0,0,1,0,0,0,1,0,1,1,2,2,1,0,0,0,0,1,2,0,0,1
984,1,1,1,2,7,1,1,8,13,1,2,1,1,1,2,1,1,2,0,2,0,0,0,2,0,0,1,1,1,0,2,1,0,0
985,1,0,1,3,6,4,3,0,34,1,0,1,0,0,1,1,0,2,0,0,0,0,0,2,0,1,0,1,1,0,2,1,0,0
986,1,1,1,1,6,4,3,0,3,1,0,1,1,0,1,1,1,3,0,2,0,0,0,2,1,0,1,1,1,1,0,2,1,0
987,1,0,2,3,7,1,11,8,57,1,0,1,1,1,2,1,1,2,0,0,0,0,0,2,2,1,2,2,0,0,2,0,1,0
988,1,1,1,2,9,4,11,15,44,1,2,1,1,1,1,1,1,0,1,0,2,0,1,2,1,0,0,0,0,1,2,1,1,1
989,0,1,0,2,7,1,11,15,38,5,3,1,1,1,2,1,1,1,0,2,0,0,0,2,1,0,0,0,1,0,2,1,0,0
990,1,0,2,3,7,1,3,18,12,1,0,1,1,1,2,1,1,3,0,2,0,0,0,2,1,1,0,0,1,1,0,1,1,0
991,1,0,1,2,7,1,11,8,57,1,0,1,0,1,1,1,1,3,0,2,2,0,1,2,1,0,0,0,0,0,2,1,1,0
992,1,0,1,2,7,1,11,15,38,5,3,1,1,1,1,1,1,2,0,1,0,0,0,2,1,0,0,0,1,0,0,1,0,0
993,1,0,1,3,7,1,11,8,57,5,0,1,1,1,2,1,1,1,0,0,2,0,1,1,0,0,2,0,1,0,2,1,0,0
994,1,1,1,2,6,4,11,15,38,1,3,1,1,1,2,1,1,1,0,2,2,0,0,2,1,0,0,2,1,0,0,1,1,0
995,1,0,1,2,9,1,3,21,70,1,0,0,0,0,0,0,0,0,1,0,1,1,2,2,0,0,1,2,0,0,1,0,1,1
996,1,0,2,2,7,1,6,8,57,1,0,1,1,1,1,1,1,3,0,0,0,0,0,2,1,0,0,0,1,1,2,1,0,0
997,1,1,1,2,7,1,11,15,38,5,2,1,1,1,1,1,1,1,0,2,0,0,0,2,1,0,0,0,1,1,2,1,1,0
998,1,0,2,2,9,1,11,8,57,5,0,0,0,0,0,0,0,1,0,0,2,1,1,2,1,0,0,2,0,0,2,0,0,1
999,1,1,1,2,7,1,1,8,13,1,0,1,1,1,2,1,1,2,0,0,0,0,2,0,2,1,0,0,0,1,1,0,0,0
1000,1,0,1,2,7,1,5,5,1,1,0,0,0,1,2,1,1,3,0,0,2,0,0,2,1,0,0,0,0,0,2,1,0,0
1001,1,1,1,2,6,4,11,8,57,1,0,1,1,1,2,1,1,2,0,0,2,0,0,2,0,0,0,0,1,0,2,1,1,0
1002,1,0,1,2,6,4,11,15,38,5,2,1,1,1,2,1,1,2,0,1,0,0,0,0,2,1,0,0,0,0,2,0,0,0
1003,1,0,2,2,7,1,6,8,57,1,0,1,1,1,2,1,1,2,0,2,2,0,0,2,0,0,1,1,1,0,2,2,1,0
1004,1,1,1,2,6,4,0,8,13,1,0,1,1,1,0,1,0,3,0,2,2,0,0,2,1,0,0,0,0,1,2,0,0,0
1005,1,0,1,2,6,4,7,3,62,1,0,0,0,1,2,1,1,1,0,1,0,0,0,2,1,0,0,0,0,0,2,1,0,0
1006,1,0,1,3,9,4,11,8,57,1,0,1,0,0,0,1,1,0,1,0,2,1,1,2,1,0,1,1,0,1,2,0,1,1
1007,0,0,2,2,0,1,1,3,61,1,0,1,1,0,0,0,0,2,0,0,0,0,0,2,1,0,1,1,1,0,0,1,1,1
1008,0,1,1,2,9,4,5,1,51,3,1,1,1,0,0,1,0,2,0,2,0,0,0,2,1,1,2,2,1,0,0,1,1,1
1009,1,1,2,2,9,4,6,0,22,3,1,1,1,1,2,1,1,2,0,2,0,0,0,2,0,0,0,1,1,0,2,1,1,1
1010,0,0,2,3,0,1,7,1,54,1,0,1,0,0,0,0,0,2,1,0,2,1,1,0,1,0,1,1,0,0,2,1,1,1
1011,1,0,1,1,0,1,3,0,34,5,0,1,0,0,0,0,0,3,0,0,2,0,1,2,1,0,1,1,1,0,2,1,1,1
1012,0,1,1,2,9,4,2,0,3,3,1,1,1,0,0,1,1,1,0,2,0,0,0,2,1,0,1,1,1,0,2,1,1,1
1013,1,0,2,2,9,1,14,13,36,1,1,1,1,1,2,1,1,2,0,2,0,0,0,1,1,0,0,1,1,0,2,1,1,1
1014,1,1,1,2,9,4,11,2,59,3,1,1,1,0,0,0,0,1,0,2,2,0,0,2,1,0,2,2,1,1,0,1,1,1
1015,0,1,1,1,9,4,2,0,3,3,2,1,1,1,2,1,1,2,0,1,0,0,1,2,1,0,0,1,1,1,2,1,1,1
1016,1,0,2,3,9,1,11,8,13,1,0,1,1,0,0,0,0,2,0,0,2,0,1,0,1,1,1,1,0,0,2,1,1,1
1017,0,1,1,2,9,4,6,10,27,0,2,1,1,0,0,1,0,2,0,2,2,0,1,2,0,0,1,1,0,0,2,1,1,1
1018,1,0,2,2,0,1,6,5,21,1,1,1,1,0,0,1,1,1,0,0,0,0,1,2,0,0,0,1,0,0,2,1,1,1
1019,0,0,1,2,9,1,1,3,61,1,0,1,1,1,2,1,1,2,0,2,2,0,1,2,1,0,1,1,1,1,2,1,1,1
1020,1,1,1,2,9,1,2,10,27,3,1,1,1,1,1,1,1,2,0,2,2,0,1,2,1,0,0,1,1,1,2,1,1,1
1021,1,0,2,2,9,1,0,3,51,3,0,1,1,1,2,1,1,2,1,2,2,0,1,2,1,0,2,2,1,0,0,1,1,1
1022,0,1,1,2,7,1,11,15,44,1,0,0,0,1,2,0,0,0,1,0,1,1,0,0,2,1,2,2,0,0,1,0,1,0
1023,0,1,2,3,7,1,11,8,57,5,0,1,0,1,2,0,0,0,0,0,2,0,1,1,2,2,1,1,0,1,0,1,0,0
1024,1,0,2,2,0,1,11,8,57,5,0,1,1,1,2,0,0,2,1,0,1,1,2,1,0,0,2,2,0,0,1,0,1,1
1025,1,0,2,2,7,1,7,3,63,5,2,1,0,0,0,1,0,2,0,0,2,0,1,2,1,0,1,1,1,0,2,1,1,0
1026,1,0,2,2,7,1,14,0,34,1,3,1,0,0,1,1,1,3,1,2,2,0,0,2,1,0,0,0,1,0,0,2,1,0
1027,1,1,2,2,7,1,11,15,38,5,1,1,0,0,1,0,0,2,0,0,2,0,1,2,1,0,1,1,1,0,0,1,1,0
1028,1,0,2,2,7,1,11,15,38,1,1,0,0,1,2,0,0,2,1,0,2,1,1,1,2,0,1,1,1,0,2,1,0,0
1029,1,1,1,2,7,1,11,15,77,5,3,1,1,0,1,0,0,0,1,0,2,1,1,2,1,0,2,1,0,0,2,1,1,0
1030,1,0,2,2,7,1,7,3,62,5,2,1,0,1,2,0,0,2,0,0,2,1,1,0,1,1,1,2,0,0,2,0,1,0
1031,0,0,2,3,0,1,5,8,13,5,0,1,0,0,0,0,0,0,0,0,2,1,1,0,2,0,2,1,0,0,2,1,0,1
1032,1,0,2,2,7,1,11,8,67,5,0,1,1,0,0,0,0,0,1,0,2,0,1,2,0,0,1,1,0,0,2,1,1,0
1033,1,0,2,2,0,1,7,5,1,5,0,0,0,1,1,0,0,0,1,0,1,1,2,0,0,1,2,2,0,0,2,0,0,1
1034,0,0,2,3,7,1,11,8,57,5,0,1,0,0,0,1,1,0,0,0,2,0,1,2,1,0,0,0,1,0,0,1,0,0
1035,1,0,2,2,7,1,11,15,38,5,2,1,1,0,0,0,0,2,0,0,1,0,1,2,1,2,2,2,0,0,0,1,1,0
1036,0,0,2,2,7,1,11,15,44,3,1,1,0,1,2,1,0,2,0,0,2,1,0,2,0,1,2,2,0,1,2,1,0,0
1037,0,1,1,2,9,1,11,15,45,1,1,1,1,1,2,0,0,2,0,0,2,1,0,2,2,0,2,2,1,0,2,0,1,1
1038,1,0,1,2,7,1,8,1,52,1,2,0,0,0,0,0,0,2,0,0,2,1,0,0,2,1,2,2,0,0,2,0,0,0
1039,1,1,1,2,0,1,11,15,38,5,0,1,1,1,2,1,0,2,0,0,2,0,1,2,1,0,1,1,0,0,2,1,1,1
1040,1,1,1,1,9,4,11,15,40,5,2,1,1,1,2,1,0,2,0,0,2,0,1,1,1,2,1,2,1,0,0,2,1,1
1041,0,1,1,1,6,4,11,15,45,1,1,1,0,1,2,0,0,2,0,0,2,1,1,2,0,1,2,2,0,0,2,0,1,0
1042,1,0,2,2,7,1,11,15,31,1,3,0,0,0,0,1,1,2,0,2,2,0,1,2,1,1,0,0,1,0,0,2,0,0
1043,0,1,1,2,6,4,11,15,78,1,1,1,0,1,2,1,0,1,0,0,2,1,2,2,2,1,2,2,1,0,1,1,1,0
1044,1,0,2,1,0,1,11,10,25,1,2,1,0,0,0,0,1,2,0,0,2,1,2,2,2,1,1,1,0,0,2,1,1,1
1045,1,1,2,2,7,1,11,15,77,5,0,1,1,0,1,1,0,2,0,0,2,0,1,2,1,0,1,1,1,0,2,1,0,0
1046,0,1,1,2,6,4,11,15,44,1,1,1,0,1,2,0,0,3,0,0,1,1,2,2,1,1,2,2,0,0,1,0,0,0
1047,1,1,2,2,8,1,8,0,34,1,2,0,0,1,1,0,0,2,1,0,1,1,2,0,0,1,2,2,0,0,1,0,1,1
1048,1,0,2,2,7,1,13,8,13,1,3,1,1,1,2,0,0,2,0,0,2,0,1,2,1,0,2,2,1,0,1,1,0,0
1049,0,0,2,2,0,1,7,1,42,5,0,0,0,0,1,1,0,2,0,0,1,1,2,2,0,2,1,0,0,0,0,0,0,1
1050,0,0,1,2,0,1,11,15,44,5,0,1,0,1,1,1,1,2,0,2,2,0,1,2,0,1,2,2,0,0,2,1,1,1
1051,0,0,2,2,0,1,2,3,62,5,1,0,0,0,0,0,0,0,1,0,1,1,2,0,2,1,2,2,0,1,1,0,0,1
1053,1,0,2,2,7,1,11,8,13,5,0,1,1,0,0,0,0,0,1,0,2,0,1,2,0,0,1,1,1,0,2,1,0,0
1054,1,0,1,3,0,1,11,15,38,5,2,1,0,0,0,0,0,0,1,0,1,1,1,2,1,0,0,0,0,0,2,1,1,1
1055,0,0,2,2,6,4,8,1,53,1,3,1,1,1,2,1,1,1,0,2,2,0,1,2,1,0,1,1,1,0,2,1,1,0
1056,0,0,1,2,7,1,11,15,44,3,3,1,1,1,2,1,0,3,0,1,0,0,0,2,0,2,0,0,1,0,0,1,1,0
1058,1,2,1,2,4,3,11,15,17,5,0,1,1,1,2,0,0,3,0,0,1,1,2,1,0,1,2,2,0,0,1,1,1,0
1059,1,0,2,2,7,1,11,15,17,5,1,0,1,1,2,0,1,2,0,2,2,0,1,2,2,0,2,2,1,1,2,1,1,0
1061,1,0,2,2,0,1,11,1,30,5,0,0,0,0,1,0,0,0,1,0,1,1,2,0,2,1,2,2,0,0,1,0,0,1
1062,0,2,1,2,8,4,11,15,44,5,1,1,1,1,2,1,0,2,0,1,0,0,1,2,1,0,0,0,1,0,2,1,1,1
1063,1,0,2,3,9,1,11,8,57,5,0,0,0,0,0,0,0,0,1,0,1,1,2,0,0,1,1,2,0,0,1,0,0,1
1064,0,0,2,2,7,1,1,3,62,1,1,0,0,1,1,0,0,3,1,0,1,1,1,2,1,2,1,2,0,0,2,1,0,0
1065,1,0,1,2,9,4,11,15,38,5,0,0,0,0,0,0,0,0,1,0,1,1,2,0,2,0,0,0,0,1,2,1,0,1
1066,0,0,2,2,0,1,11,15,17,5,1,1,0,1,2,0,0,0,1,1,1,1,2,2,1,0,2,2,0,0,2,0,1,1
1067,1,0,2,2,6,4,3,21,70,1,0,0,0,0,0,1,0,0,1,0,2,1,1,2,2,0,0,0,0,0,1,1,0,0
1068,1,0,2,1,0,1,1,8,13,1,0,0,1,1,2,1,0,2,0,0,2,0,1,1,0,0,1,1,0,0,2,1,1,1
1069,1,1,2,3,7,1,11,1,30,5,0,0,0,0,2,0,0,0,1,0,1,1,2,0,1,1,2,2,0,0,1,0,0,0
1070,0,0,1,2,9,1,0,3,62,1,4,1,0,0,0,1,0,0,1,0,2,0,0,2,2,0,2,2,1,0,0,2,1,1
1071,1,0,2,2,1,5,11,25,29,5,0,1,0,0,2,1,1,2,1,0,2,0,1,2,0,0,1,1,1,0,2,1,0,0
1072,1,0,1,2,7,1,11,8,57,1,0,0,0,0,0,0,0,0,1,0,1,1,2,2,0,1,2,2,0,1,1,0,0,0
1073,1,0,2,3,0,1,3,3,61,1,2,1,1,1,2,0,0,0,0,0,2,0,0,2,1,2,1,0,0,0,2,1,1,1
1074,1,0,2,3,0,1,11,8,62,5,0,0,0,0,1,0,0,0,1,0,1,1,2,2,0,2,1,2,0,0,2,0,0,1
1075,1,0,2,2,7,1,11,0,3,1,1,1,1,0,0,1,1,2,0,2,0,0,1,2,1,0,0,2,1,0,2,1,1,0
1076,1,1,1,2,9,1,3,21,71,5,0,0,0,0,0,0,0,0,1,0,1,1,2,1,1,0,0,0,0,1,2,1,1,1
1077,1,0,2,2,7,1,11,15,38,5,2,0,1,1,2,1,1,3,0,2,0,0,0,2,1,0,1,1,1,0,2,1,0,0
1078,0,2,1,2,1,5,11,15,17,3,1,1,0,0,2,0,0,1,0,0,1,1,1,2,1,0,0,0,0,0,2,1,1,0
1079,0,0,1,2,9,1,11,0,3,1,1,1,1,1,2,1,1,2,0,0,2,1,0,2,1,0,2,0,0,0,2,1,1,1
1080,1,0,1,3,0,1,11,15,39,5,1,1,1,0,2,0,1,2,0,2,2,0,1,2,1,0,0,2,1,0,1,1,1,1
1081,1,0,2,3,9,4,11,1,68,5,0,1,0,0,2,0,0,2,0,0,1,1,0,2,0,1,2,2,0,0,0,2,1,1
1082,0,0,2,2,7,1,11,15,45,5,2,1,0,1,2,0,0,2,0,0,2,1,2,2,0,1,2,2,0,1,2,0,0,0
1083,1,1,1,2,7,1,11,8,62,5,0,0,0,0,0,0,0,0,1,0,1,1,2,0,0,2,0,0,0,0,2,1,0,0
1084,0,0,2,2,7,1,3,21,25,5,0,0,0,0,0,1,1,2,0,0,2,0,1,0,1,0,1,1,0,0,2,1,1,0
1085,1,0,2,3,7,1,11,15,38,5,1,1,1,1,2,0,1,0,1,0,0,0,1,2,1,0,1,1,1,0,2,1,0,0
1086,0,1,1,3,9,1,7,3,79,5,1,1,1,1,2,1,0,2,0,1,2,0,0,1,0,1,0,1,1,0,2,1,1,1
1087,1,1,1,2,6,4,0,1,42,3,2,1,1,1,2,1,1,1,0,2,0,0,0,2,1,0,2,1,1,0,0,2,0,0
1088,1,0,2,3,7,1,3,19,66,5,0,0,0,0,0,0,0,0,1,0,1,1,2,0,0,2,1,1,0,0,2,0,0,0
1089,1,0,2,2,7,1,2,3,79,5,2,1,0,1,2,0,0,2,0,2,1,1,2,1,2,0,0,1,0,0,2,1,0,0
1090,0,1,1,2,9,4,0,1,37,3,1,1,0,1,1,0,0,0,1,0,2,0,1,1,1,2,0,1,0,0,2,0,1,1
1091,0,0,2,2,0,1,4,20,9,5,2,1,1,1,1,1,1,2,0,0,2,0,1,2,1,1,2,2,1,0,2,1,1,1
1092,1,0,1,2,7,1,6,8,13,1,2,1,1,1,2,1,1,3,0,2,2,0,0,2,1,0,0,0,1,0,0,2,0,0
1093,1,0,1,2,0,1,2,0,65,5,0,0,0,0,0,1,0,0,1,0,1,1,0,1,0,2,0,2,1,1,0,0,1,1
1094,1,1,0,2,6,4,11,15,38,5,2,1,1,1,2,1,1,1,0,2,2,0,1,2,1,1,0,0,1,1,0,2,1,0
1095,1,1,2,2,6,4,11,15,38,5,0,0,0,0,1,0,0,0,1,2,1,1,2,0,2,1,2,0,1,1,0,2,1,0
1096,0,0,2,2,7,1,11,15,44,1,2,1,1,1,2,1,1,3,0,1,0,0,0,1,0,0,1,1,1,0,0,2,0,0
1097,1,0,1,2,1,5,5,10,25,1,2,1,1,0,0,1,1,1,0,0,0,0,0,2,1,0,1,0,1,0,0,2,0,0
1098,1,0,2,2,7,1,11,15,44,5,0,1,0,1,0,0,0,0,1,0,1,1,0,2,2,1,2,2,0,0,2,0,0,0
1099,0,0,2,3,7,1,11,19,66,5,0,1,0,0,2,0,0,0,1,0,2,1,1,2,1,0,1,2,0,0,2,0,0,0
1100,0,0,1,2,7,1,14,3,62,1,0,0,0,0,0,0,0,0,1,2,2,1,1,2,1,0,0,2,0,0,2,1,0,0
1101,0,2,1,3,2,6,11,0,3,3,3,0,1,0,0,1,1,2,0,0,0,0,0,2,1,0,0,0,1,0,0,2,1,0
1102,0,0,2,2,7,1,3,21,70,5,1,1,0,0,1,0,0,2,0,2,2,1,1,2,1,0,2,2,1,0,2,1,0,0
1103,1,2,1,2,9,1,11,19,66,5,0,0,0,0,2,0,0,2,0,1,1,1,2,2,1,1,2,1,0,1,2,1,1,1
1104,0,2,1,1,8,1,11,0,3,1,1,1,0,0,1,0,0,0,1,0,2,0,0,1,2,0,0,2,0,0,2,1,0,1
1105,0,0,2,2,0,1,6,19,66,1,2,1,0,0,0,1,0,2,1,0,2,0,1,2,1,0,1,1,0,0,2,1,0,1
1106,0,1,1,2,8,5,4,2,59,1,2,1,0,1,2,1,1,1,0,2,2,1,1,2,2,0,2,1,0,0,2,1,1,1
1107,0,0,2,2,7,1,11,15,16,1,1,0,0,0,0,0,0,0,1,0,2,1,1,2,2,0,1,2,0,0,0,1,0,0
1108,0,0,1,3,6,4,11,15,38,5,1,1,1,0,0,1,1,2,0,0,0,0,0,1,0,2,0,0,1,0,0,2,0,0
1109,0,0,2,2,0,1,6,1,22,5,0,0,0,0,2,0,0,2,1,0,0,1,1,2,1,0,2,0,0,0,2,1,1,1
1110,1,0,2,2,7,1,11,15,38,5,0,1,0,0,2,0,0,2,1,0,1,0,1,2,0,1,2,1,1,0,2,1,1,0
1111,1,1,2,3,0,1,2,3,62,5,0,1,1,1,2,1,0,0,1,0,2,1,1,0,2,0,2,0,0,0,1,0,0,1
1112,1,2,0,2,9,1,11,0,65,5,0,1,0,0,0,0,0,0,1,0,1,1,2,2,2,2,0,0,0,0,2,0,0,1
1113,1,1,1,3,0,1,7,3,62,5,0,1,0,1,2,0,0,0,1,0,1,0,1,2,0,1,1,2,0,0,1,1,0,1
1114,0,0,2,2,7,1,11,15,16,1,0,1,1,1,2,0,0,0,1,0,2,0,1,2,1,0,1,1,0,0,2,1,0,0
1115,0,0,1,2,7,1,11,15,45,5,1,1,0,1,2,0,0,2,1,0,2,1,1,2,1,0,2,2,0,0,2,1,0,0
1116,0,1,1,2,7,1,11,0,3,1,2,1,0,1,1,0,0,0,1,0,1,0,1,2,0,0,1,2,0,0,2,1,0,0
1117,0,0,1,2,7,1,11,15,45,1,2,1,1,1,2,1,1,1,0,2,0,1,0,2,1,2,2,2,0,0,2,1,0,0
1118,1,1,1,2,7,1,11,10,25,1,2,1,0,0,0,1,1,2,0,0,1,0,0,2,2,0,1,1,1,0,0,1,0,0
1119,0,0,2,2,7,1,11,15,16,1,1,1,0,1,1,0,0,2,0,2,2,1,0,2,1,0,2,2,0,0,2,0,1,0
1120,0,0,2,1,7,1,9,12,32,1,0,1,0,0,1,1,1,0,0,2,2,0,1,2,1,0,0,1,1,0,2,1,0,0
1121,0,0,2,2,0,1,11,15,57,1,2,1,0,0,0,0,0,2,1,0,2,1,1,0,0,1,2,2,0,0,1,0,1,1
1122,0,0,2,2,7,1,11,15,16,5,1,0,0,0,0,0,0,0,1,0,2,1,1,2,2,1,2,2,0,0,2,0,1,0
1123,0,1,2,2,0,1,11,15,17,1,1,0,0,0,1,0,0,2,1,2,1,0,2,1,1,0,2,2,0,0,1,2,0,1
1124,0,0,2,1,9,1,0,1,37,3,2,1,1,1,2,1,0,0,1,1,1,1,0,2,2,0,2,2,1,0,0,0,1,1
1125,1,0,2,2,0,1,7,3,62,5,2,1,1,1,2,0,0,2,1,0,1,0,1,2,1,0,1,1,0,0,2,1,1,1
1126,1,0,1,2,9,1,2,3,79,5,2,1,1,1,2,0,0,0,1,0,1,1,1,2,1,0,2,1,0,1,2,1,1,1
1127,0,0,2,2,7,1,11,15,16,5,0,0,0,0,0,0,1,2,1,0,2,0,2,2,1,0,2,2,0,1,2,1,1,0
1128,1,0,2,2,9,1,7,3,79,5,2,1,1,1,2,0,0,2,0,0,2,1,1,2,0,0,2,2,0,0,2,0,1,1
1129,0,0,2,2,7,1,11,15,45,1,1,1,0,1,2,0,0,3,0,0,0,1,0,1,2,2,2,2,1,0,0,2,1,0
1130,1,0,2,2,0,1,7,3,79,5,1,1,0,1,2,0,0,0,1,0,2,1,2,0,1,0,2,1,1,0,2,1,0,1
1131,0,0,1,2,6,4,11,15,45,1,1,1,0,0,0,1,0,2,0,2,2,0,1,2,1,0,1,1,1,0,2,1,0,0
1132,0,0,2,2,0,1,7,0,3,1,2,1,0,0,0,0,0,0,1,0,1,1,1,0,2,1,1,2,0,0,1,0,0,1
1133,0,1,1,2,8,4,11,15,17,5,1,1,0,1,2,1,1,2,0,2,2,0,1,2,1,0,1,1,0,0,2,1,1,1
1134,1,0,2,2,0,1,11,25,29,5,0,0,0,1,1,0,0,2,0,0,1,1,2,1,2,1,2,2,0,1,1,1,0,1
1135,1,1,1,2,6,4,11,15,38,5,1,1,0,1,2,1,1,2,0,0,2,0,1,2,0,2,1,1,1,0,0,1,1,0
1136,1,0,1,2,0,1,11,15,45,1,0,0,1,0,1,0,1,0,1,0,1,1,1,2,0,1,2,2,0,0,1,0,1,1
1137,1,1,1,2,7,1,11,15,16,1,2,0,1,0,0,1,1,0,1,0,0,0,0,1,0,0,1,0,1,0,0,2,1,0
1138,0,0,2,2,0,1,5,8,13,5,2,1,0,1,2,0,0,2,0,0,1,0,2,0,0,1,1,2,0,0,1,0,0,1
1139,1,0,1,2,0,1,1,8,13,5,0,1,0,0,0,0,0,0,1,0,1,1,2,0,0,0,0,1,0,0,1,0,0,1
1140,0,0,2,2,7,1,8,3,51,1,3,1,1,1,1,0,0,2,0,2,2,1,1,2,2,0,1,0,1,0,2,1,0,0
1141,0,0,2,2,0,1,6,0,35,1,2,0,0,0,0,0,0,1,0,0,2,1,2,1,0,0,2,2,0,0,1,2,1,1
1142,0,1,1,3,8,1,1,8,13,5,2,1,0,0,0,0,0,2,0,0,2,1,2,0,2,1,2,2,0,0,1,0,0,1
1143,0,2,1,2,2,1,7,1,54,1,0,0,0,0,1,0,0,0,1,2,1,1,0,0,1,1,2,2,0,0,1,0,0,1
1144,0,1,1,2,8,1,0,0,68,1,2,1,0,1,2,0,0,0,1,0,1,1,1,2,2,0,2,2,0,0,1,0,1,1
1145,1,0,1,2,7,1,4,1,48,1,3,1,0,1,1,0,0,1,0,1,0,0,0,1,1,2,1,1,1,0,0,1,1,0
1146,0,0,2,2,0,1,11,15,31,1,0,1,0,1,2,0,0,0,1,0,1,1,1,2,2,1,1,2,0,0,1,0,0,1
1147,1,1,1,3,7,1,11,15,38,5,0,1,0,1,2,1,0,2,0,0,2,0,1,2,0,2,0,0,1,0,0,2,1,0
1148,0,0,2,2,0,1,6,25,29,1,2,1,1,0,0,0,0,0,1,0,1,1,0,2,1,1,1,1,1,0,0,0,0,1
1149,1,2,1,2,6,4,11,0,34,1,1,1,0,0,0,0,0,2,0,2,2,0,1,2,0,0,2,2,0,0,2,1,1,0
1150,1,1,1,1,0,1,3,0,34,5,0,1,0,0,0,0,0,0,1,0,2,1,0,2,2,0,2,1,0,0,1,2,0,1
1151,0,2,1,1,7,1,11,15,17,3,1,1,1,0,2,1,1,2,0,2,0,0,0,1,0,2,0,0,1,0,0,2,0,0
1152,1,0,2,1,9,1,11,0,68,1,1,0,1,1,2,1,1,2,0,2,0,0,0,2,1,1,0,1,1,0,0,2,1,1
1153,0,0,2,2,0,1,11,1,62,5,0,1,0,1,2,0,0,2,1,0,1,1,2,2,2,0,0,2,1,1,2,2,0,1
1154,0,1,2,3,7,1,11,19,66,5,0,0,0,0,0,1,1,2,0,0,1,0,1,1,0,2,0,0,1,0,0,2,0,0
1155,1,0,2,3,7,1,11,15,55,5,0,1,0,0,2,0,0,0,1,0,2,1,2,0,2,0,2,2,0,0,0,1,1,0
1156,1,2,2,1,3,2,0,10,25,3,1,1,1,0,0,1,1,3,0,2,2,0,0,2,1,0,0,0,1,0,2,2,1,0
1157,0,1,1,1,9,1,11,15,17,0,1,1,0,1,1,0,0,2,1,1,1,1,1,2,0,1,2,2,0,0,2,1,1,1
1158,1,1,0,2,3,2,0,18,12,3,2,1,0,0,0,1,1,2,0,2,0,0,0,2,0,0,0,1,1,0,0,2,0,0
1159,0,1,2,2,7,1,11,15,16,1,0,1,0,0,0,0,0,2,0,0,2,0,1,2,2,0,1,1,0,0,2,1,0,0
1160,1,1,1,2,7,1,11,15,17,2,2,0,0,1,2,1,1,2,0,0,2,0,1,2,2,0,1,1,1,0,2,1,1,0
1161,1,0,1,3,9,1,11,15,38,5,3,1,1,1,2,1,1,2,0,1,0,0,0,0,1,2,0,2,1,1,0,2,1,1
1162,1,2,1,3,6,4,11,15,38,5,0,0,0,0,2,1,1,2,1,0,0,0,1,1,0,1,1,2,1,0,2,1,0,0
1163,1,1,1,2,0,1,11,3,62,1,2,1,0,0,0,1,0,0,1,0,1,1,2,1,0,0,2,2,0,0,2,2,1,1
1164,1,2,1,2,6,4,6,5,21,0,2,1,1,0,0,0,0,0,0,0,2,0,0,2,1,2,0,1,1,0,2,1,1,0
1165,0,0,2,2,9,1,6,0,22,5,0,0,1,0,1,1,1,0,1,2,0,0,0,1,1,2,1,0,0,0,0,2,1,1
1166,1,2,1,1,2,1,11,15,31,3,2,1,1,0,0,1,1,2,0,0,2,0,0,1,0,2,1,0,1,0,0,2,1,1
1167,1,0,1,2,9,1,11,0,68,5,1,0,1,1,2,1,0,2,0,0,2,1,1,2,2,1,2,2,0,0,2,1,1,1
1168,1,2,1,2,6,4,11,15,17,1,0,0,0,0,0,0,0,0,1,0,1,1,2,0,0,0,2,2,0,0,1,0,0,0
1169,1,1,1,2,6,4,11,15,77,5,1,1,0,1,2,1,1,1,0,0,0,0,0,1,1,2,1,1,1,0,0,2,1,0
1170,0,1,1,2,1,5,3,21,70,3,1,0,0,1,2,1,1,3,0,0,0,0,0,1,0,2,1,0,1,0,0,1,0,0
1171,1,0,1,2,9,1,6,5,64,5,0,1,0,0,0,1,0,1,0,0,2,1,1,0,1,2,2,2,0,0,2,2,0,1
1172,0,1,1,2,3,4,6,5,21,1,3,1,1,1,1,1,0,2,0,0,2,0,0,2,1,0,1,1,0,0,2,1,0,1
1173,0,2,1,2,2,1,6,5,21,3,1,1,0,0,1,1,1,0,1,0,2,0,1,2,0,0,1,1,0,0,2,1,1,1
1174,0,2,1,1,6,4,11,15,17,3,1,1,1,1,2,1,1,0,1,0,1,1,1,2,0,0,1,1,1,0,2,1,1,0
1175,1,1,1,2,6,4,11,15,16,0,1,1,1,0,2,1,0,0,1,2,2,0,0,2,1,1,2,2,1,1,2,1,1,0
1176,1,0,1,2,9,1,11,15,38,5,0,0,0,1,2,0,0,0,1,2,0,0,0,2,2,1,2,2,1,1,2,1,1,1
1177,1,0,1,2,7,1,11,15,77,5,0,1,1,0,1,0,0,2,0,2,2,0,1,2,1,0,0,1,1,0,1,1,1,0
1178,1,1,2,3,7,1,11,15,77,5,0,0,0,1,2,1,1,0,0,0,0,0,1,2,0,2,0,1,0,0,1,0,1,0
1179,0,0,1,2,6,4,11,25,29,5,0,1,0,0,0,0,0,0,1,0,1,1,1,1,0,2,2,2,0,1,2,0,1,0
1180,0,1,2,1,8,4,11,15,38,5,1,1,1,1,2,0,1,2,0,2,2,0,1,2,1,0,1,0,0,0,2,1,1,1
1181,1,1,1,3,8,1,11,15,38,5,3,1,1,1,2,1,1,2,0,0,0,0,0,2,0,2,0,0,1,0,0,2,1,1
1182,1,1,1,2,8,1,11,15,55,5,0,1,0,0,2,1,1,3,0,0,0,0,0,0,1,0,0,0,0,0,0,2,1,1
1183,1,0,2,2,7,1,6,6,34,5,0,0,1,1,0,0,0,2,0,0,2,0,1,2,1,0,2,2,1,0,2,1,0,0
1184,1,2,1,2,6,4,11,15,38,5,1,1,0,1,2,0,0,2,0,0,2,0,0,2,0,2,1,0,1,0,0,1,0,0
1185,0,0,2,2,7,1,11,0,3,5,0,1,0,1,2,0,0,2,0,2,1,1,2,2,1,0,2,2,0,0,2,0,0,0
1186,1,0,2,2,7,1,7,3,79,5,2,1,0,1,2,0,0,2,1,0,1,1,1,0,1,0,2,2,0,0,2,0,1,0
1187,0,1,2,2,8,1,6,8,13,5,2,1,0,1,2,0,0,0,1,0,1,1,2,1,1,0,2,1,0,0,2,0,1,1
1188,1,0,1,2,7,1,11,15,38,5,2,1,1,1,2,1,1,3,0,0,0,0,0,2,1,0,1,1,1,0,0,1,0,0
1189,1,1,1,2,6,4,11,15,38,5,0,0,0,0,0,0,0,0,1,0,1,1,2,2,1,0,1,1,0,0,1,0,0,0
1190,0,0,2,2,6,4,3,21,70,5,1,1,1,0,0,1,1,1,0,0,0,0,0,2,1,0,1,1,1,0,2,1,1,0
1191,1,0,2,3,6,4,11,8,57,1,0,0,0,0,0,1,1,0,0,0,0,0,1,2,0,0,1,0,1,1,2,1,0,0
1192,0,1,1,2,6,4,3,21,70,5,0,0,0,0,0,1,0,0,1,0,2,1,1,2,1,0,0,0,1,0,2,1,0,0
1193,1,0,1,3,6,4,3,0,34,5,0,0,0,0,0,0,0,0,1,0,1,1,2,2,0,0,1,0,0,0,2,1,0,0
1194,1,1,1,2,6,4,11,8,57,5,0,0,0,0,0,0,0,0,1,0,1,1,1,2,1,0,1,1,0,0,2,1,0,0
1195,1,0,2,2,6,4,3,21,70,5,0,0,0,0,0,0,0,0,1,0,1,1,2,2,1,0,1,1,0,0,1,0,0,0
1196,1,1,1,1,6,4,3,21,71,5,0,1,1,1,2,1,1,0,0,0,0,0,0,2,0,0,1,0,1,0,2,1,0,0
1197,1,1,1,2,6,4,11,15,38,5,3,1,1,0,0,1,1,0,0,2,2,0,0,2,0,2,0,0,1,0,2,1,1,0
1198,0,0,1,3,7,1,2,19,66,5,0,0,0,0,0,0,0,0,1,0,1,1,1,2,1,0,0,0,0,0,1,1,0,0
1199,1,0,1,2,7,1,11,15,38,5,1,1,1,1,0,1,1,0,0,0,2,0,0,2,0,2,1,0,1,0,2,1,0,0
1200,0,0,2,3,6,4,11,8,57,1,0,1,0,0,0,1,1,1,0,0,2,0,1,2,1,0,0,0,1,0,2,1,0,0
1201,1,1,1,2,6,4,1,8,13,1,0,1,0,0,0,1,1,3,0,0,2,0,1,1,1,0,0,0,1,0,2,1,0,0
1202,0,0,2,2,7,1,11,15,38,5,0,0,0,0,0,1,1,3,0,2,0,0,0,1,0,2,0,0,1,0,2,1,0,0
1203,1,0,2,3,6,4,1,8,57,5,1,1,1,1,0,1,1,3,0,2,0,0,0,2,1,0,1,0,1,1,2,1,1,0
1204,0,0,2,2,6,4,11,1,68,3,2,1,0,1,1,1,1,3,0,2,2,0,0,2,1,0,0,0,1,0,2,1,1,0
1205,1,1,1,2,6,4,1,1,15,1,2,0,1,1,2,1,1,3,0,0,0,0,0,2,1,0,1,1,1,0,2,1,0,0
1206,1,0,1,2,7,1,0,5,1,1,2,1,1,1,1,1,1,1,0,0,2,0,1,2,1,0,0,0,1,0,2,1,1,0
1207,1,0,1,2,6,4,14,18,12,1,0,1,1,1,1,1,1,1,0,0,0,0,0,2,1,2,0,1,1,1,0,2,1,0
1208,0,0,2,3,6,4,11,8,57,1,0,1,1,1,2,1,1,1,0,0,2,0,1,2,1,0,0,0,1,0,2,2,1,0
1209,1,0,1,2,6,4,11,6,34,5,0,1,0,0,0,0,0,3,0,2,2,0,1,2,1,0,0,0,1,0,2,1,0,0
1210,1,0,1,1,6,4,6,0,22,3,3,1,1,1,2,1,1,1,0,0,0,0,1,2,1,0,1,0,1,0,2,1,0,0
1211,0,0,2,1,9,1,0,1,52,3,3,1,1,1,2,1,1,1,0,2,0,0,1,2,0,0,0,2,1,1,2,1,1,1
1212,1,1,1,1,9,1,3,2,58,5,1,0,0,0,1,0,0,2,0,0,1,0,0,1,2,0,2,2,0,0,0,0,1,1
1213,1,0,2,1,7,1,3,0,3,5,0,0,0,0,0,1,0,0,1,0,2,0,1,2,1,0,2,2,1,0,2,1,0,0
